FileName,Emotion
1299_s_2_neu,neu
1589_s_2_ang,ang
1875_s_2_ang,ang
2162_s_3_neu,neu
2456_s_3_hap,hap
2729_s_3_hap,hap
2995_s_3_neu,neu
324_s_1_sad,sad
3507_s_4_exc,exc
38_s_1_neu,neu
41_s_1_sad,sad
687_s_1_neu,neu
0_s_1_ang,ang
1000_s_1_hap,hap
1001_s_1_hap,hap
1002_s_1_hap,hap
1003_s_1_hap,hap
1004_s_1_hap,hap
1005_s_1_hap,hap
1006_s_1_hap,hap
1007_s_1_hap,hap
1008_s_1_exc,exc
1009_s_1_hap,hap
100_s_1_ang,ang
1010_s_1_hap,hap
1011_s_1_hap,hap
1012_s_1_hap,hap
1013_s_1_hap,hap
1014_s_1_hap,hap
2600_s_3_ang,ang
2601_s_3_ang,ang
2602_s_3_neu,neu
2603_s_3_ang,ang
2604_s_3_ang,ang
2605_s_3_ang,ang
2606_s_3_ang,ang
2607_s_3_ang,ang
2608_s_3_ang,ang
2609_s_3_ang,ang
260_s_1_ang,ang
2610_s_3_ang,ang
2611_s_3_ang,ang
2612_s_3_ang,ang
2613_s_3_ang,ang
2614_s_3_ang,ang
2615_s_3_ang,ang
4200_s_4_neu,neu
4201_s_4_exc,exc
4202_s_4_exc,exc
4203_s_4_exc,exc
4204_s_4_neu,neu
4205_s_4_neu,neu
4206_s_4_ang,ang
4207_s_4_sad,sad
4208_s_4_exc,exc
4209_s_4_ang,ang
420_s_1_hap,hap
4210_s_4_neu,neu
4211_s_4_exc,exc
4212_s_4_neu,neu
4213_s_4_ang,ang
4214_s_4_hap,hap
4215_s_4_hap,hap
590_s_1_exc,exc
591_s_1_neu,neu
592_s_1_exc,exc
593_s_1_exc,exc
594_s_1_exc,exc
595_s_1_neu,neu
596_s_1_exc,exc
597_s_1_exc,exc
598_s_1_neu,neu
599_s_1_exc,exc
59_s_1_hap,hap
5_s_1_ang,ang
600_s_1_exc,exc
601_s_1_exc,exc
602_s_1_neu,neu
603_s_1_neu,neu
604_s_1_neu,neu
750_s_1_exc,exc
751_s_1_exc,exc
752_s_1_exc,exc
753_s_1_exc,exc
754_s_1_exc,exc
755_s_1_neu,neu
756_s_1_exc,exc
757_s_1_exc,exc
758_s_1_exc,exc
759_s_1_exc,exc
75_s_1_neu,neu
760_s_1_exc,exc
761_s_1_exc,exc
762_s_1_exc,exc
763_s_1_hap,hap
764_s_1_hap,hap
765_s_1_exc,exc
1160_s_2_neu,neu
1161_s_2_neu,neu
1162_s_2_neu,neu
1163_s_2_neu,neu
1164_s_2_neu,neu
1167_s_2_neu,neu
1168_s_2_neu,neu
116_s_1_neu,neu
1171_s_2_neu,neu
1172_s_2_neu,neu
1173_s_2_neu,neu
1174_s_2_neu,neu
1175_s_2_neu,neu
1176_s_2_ang,ang
1177_s_2_ang,ang
1178_s_2_ang,ang
1179_s_2_neu,neu
1320_s_2_neu,neu
1321_s_2_neu,neu
1322_s_2_neu,neu
1323_s_2_neu,neu
1324_s_2_neu,neu
1325_s_2_neu,neu
1326_s_2_neu,neu
1327_s_2_neu,neu
1328_s_2_neu,neu
1329_s_2_neu,neu
132_s_1_neu,neu
1330_s_2_neu,neu
1331_s_2_neu,neu
1332_s_2_neu,neu
1333_s_2_neu,neu
1334_s_2_neu,neu
1335_s_2_neu,neu
1490_s_2_sad,sad
1491_s_2_sad,sad
1492_s_2_sad,sad
1493_s_2_hap,hap
1494_s_2_hap,hap
1496_s_2_hap,hap
1498_s_2_exc,exc
1499_s_2_hap,hap
149_s_1_ang,ang
14_s_1_ang,ang
1500_s_2_hap,hap
1501_s_2_hap,hap
1502_s_2_hap,hap
1503_s_2_hap,hap
1504_s_2_neu,neu
1505_s_2_neu,neu
1506_s_2_neu,neu
1650_s_2_exc,exc
1651_s_2_exc,exc
1652_s_2_exc,exc
1653_s_2_exc,exc
1654_s_2_exc,exc
1655_s_2_exc,exc
1656_s_2_exc,exc
1657_s_2_exc,exc
1658_s_2_exc,exc
1659_s_2_hap,hap
165_s_1_neu,neu
1660_s_2_hap,hap
1661_s_2_hap,hap
1662_s_2_hap,hap
1663_s_2_hap,hap
1664_s_2_exc,exc
1665_s_2_hap,hap
1810_s_2_exc,exc
1811_s_2_exc,exc
1812_s_2_exc,exc
1813_s_2_exc,exc
1814_s_2_exc,exc
1815_s_2_exc,exc
1816_s_2_hap,hap
1817_s_2_hap,hap
1818_s_2_hap,hap
1819_s_2_hap,hap
181_s_1_neu,neu
1820_s_2_exc,exc
1821_s_2_hap,hap
1822_s_2_exc,exc
1823_s_2_exc,exc
1824_s_2_exc,exc
1825_s_2_exc,exc
1980_s_2_exc,exc
1981_s_2_exc,exc
1982_s_2_exc,exc
1983_s_2_exc,exc
1984_s_2_ang,ang
1985_s_2_ang,ang
1986_s_2_ang,ang
1987_s_2_ang,ang
1988_s_2_sad,sad
1989_s_2_sad,sad
198_s_1_sad,sad
1990_s_2_sad,sad
1991_s_2_sad,sad
1992_s_2_sad,sad
1993_s_2_sad,sad
1994_s_2_sad,sad
1995_s_2_sad,sad
2130_s_3_neu,neu
2131_s_3_neu,neu
2132_s_3_neu,neu
2133_s_3_neu,neu
2134_s_3_neu,neu
2135_s_3_neu,neu
2136_s_3_neu,neu
2137_s_3_ang,ang
2138_s_3_ang,ang
2139_s_3_sad,sad
213_s_1_neu,neu
2140_s_3_ang,ang
2141_s_3_neu,neu
2142_s_3_neu,neu
2143_s_3_neu,neu
2144_s_3_neu,neu
2145_s_3_neu,neu
22_s_1_ang,ang
2300_s_3_sad,sad
2301_s_3_sad,sad
2302_s_3_sad,sad
2303_s_3_sad,sad
2304_s_3_sad,sad
2305_s_3_sad,sad
2306_s_3_sad,sad
2307_s_3_sad,sad
2308_s_3_sad,sad
2309_s_3_sad,sad
230_s_1_exc,exc
2310_s_3_sad,sad
2311_s_3_sad,sad
2312_s_3_sad,sad
2313_s_3_sad,sad
2314_s_3_neu,neu
2770_s_3_neu,neu
2771_s_3_neu,neu
2772_s_3_neu,neu
2773_s_3_neu,neu
2774_s_3_neu,neu
2775_s_3_neu,neu
2776_s_3_neu,neu
2777_s_3_neu,neu
2778_s_3_neu,neu
2779_s_3_ang,ang
277_s_1_neu,neu
2780_s_3_neu,neu
2781_s_3_neu,neu
2782_s_3_neu,neu
2783_s_3_neu,neu
2784_s_3_ang,ang
2785_s_3_ang,ang
2930_s_3_exc,exc
2931_s_3_exc,exc
2932_s_3_exc,exc
2933_s_3_exc,exc
2934_s_3_neu,neu
2935_s_3_exc,exc
2936_s_3_exc,exc
2937_s_3_exc,exc
2938_s_3_hap,hap
2939_s_3_exc,exc
293_s_1_hap,hap
2940_s_3_exc,exc
2941_s_3_exc,exc
2942_s_3_exc,exc
2943_s_3_exc,exc
2944_s_3_exc,exc
2945_s_3_exc,exc
3090_s_3_sad,sad
3091_s_3_hap,hap
3092_s_3_neu,neu
3093_s_3_neu,neu
3094_s_3_hap,hap
3095_s_3_hap,hap
3096_s_3_hap,hap
3097_s_3_hap,hap
3098_s_3_exc,exc
3099_s_3_hap,hap
309_s_1_hap,hap
30_s_1_sad,sad
3100_s_3_sad,sad
3101_s_3_sad,sad
3102_s_3_sad,sad
3103_s_3_sad,sad
3104_s_3_sad,sad
3250_s_3_ang,ang
3251_s_3_ang,ang
3252_s_3_ang,ang
3253_s_3_ang,ang
3254_s_3_ang,ang
3255_s_3_ang,ang
3256_s_3_ang,ang
3257_s_3_ang,ang
3258_s_3_ang,ang
3259_s_4_sad,sad
325_s_1_sad,sad
3260_s_4_ang,ang
3261_s_4_ang,ang
3262_s_4_ang,ang
3263_s_4_ang,ang
3264_s_4_ang,ang
3265_s_4_neu,neu
3410_s_4_ang,ang
3411_s_4_ang,ang
3412_s_4_ang,ang
3413_s_4_ang,ang
3414_s_4_ang,ang
3415_s_4_ang,ang
3416_s_4_ang,ang
3417_s_4_neu,neu
3418_s_4_neu,neu
3419_s_4_neu,neu
341_s_1_neu,neu
3420_s_4_neu,neu
3421_s_4_neu,neu
3422_s_4_neu,neu
3423_s_4_neu,neu
3424_s_4_neu,neu
3425_s_4_neu,neu
3580_s_4_neu,neu
3581_s_4_neu,neu
3582_s_4_neu,neu
3583_s_4_neu,neu
3584_s_4_exc,exc
3585_s_4_neu,neu
3586_s_4_neu,neu
3587_s_4_neu,neu
3588_s_4_neu,neu
3589_s_4_neu,neu
358_s_1_neu,neu
3590_s_4_neu,neu
3591_s_4_neu,neu
3592_s_4_neu,neu
3593_s_4_hap,hap
3594_s_4_neu,neu
3595_s_4_neu,neu
3740_s_4_exc,exc
3741_s_4_neu,neu
3742_s_4_exc,exc
3743_s_4_exc,exc
3744_s_4_exc,exc
3745_s_4_exc,exc
3746_s_4_exc,exc
3747_s_4_exc,exc
3748_s_4_exc,exc
3749_s_4_exc,exc
374_s_1_neu,neu
3750_s_4_exc,exc
3751_s_4_exc,exc
3752_s_4_exc,exc
3753_s_4_neu,neu
3754_s_4_neu,neu
3755_s_4_neu,neu
3900_s_4_neu,neu
3901_s_4_ang,ang
3902_s_4_ang,ang
3903_s_4_ang,ang
3904_s_4_ang,ang
3905_s_4_ang,ang
3906_s_4_ang,ang
3907_s_4_ang,ang
3908_s_4_ang,ang
3909_s_4_ang,ang
390_s_1_sad,sad
3910_s_4_ang,ang
3911_s_4_ang,ang
3912_s_4_ang,ang
3913_s_4_ang,ang
3914_s_4_ang,ang
3915_s_4_ang,ang
437_s_1_hap,hap
438_s_1_hap,hap
439_s_1_hap,hap
43_s_1_sad,sad
440_s_1_exc,exc
441_s_1_exc,exc
442_s_1_hap,hap
443_s_1_hap,hap
444_s_1_hap,hap
445_s_1_hap,hap
446_s_1_hap,hap
447_s_1_hap,hap
448_s_1_hap,hap
449_s_1_hap,hap
44_s_1_sad,sad
450_s_1_neu,neu
451_s_1_neu,neu
453_s_1_ang,ang
454_s_1_ang,ang
455_s_1_ang,ang
456_s_1_ang,ang
457_s_1_ang,ang
458_s_1_ang,ang
459_s_1_ang,ang
45_s_1_sad,sad
460_s_1_ang,ang
461_s_1_ang,ang
462_s_1_ang,ang
463_s_1_ang,ang
464_s_1_ang,ang
465_s_1_ang,ang
466_s_1_ang,ang
467_s_1_neu,neu
468_s_1_neu,neu
46_s_1_neu,neu
470_s_1_ang,ang
471_s_1_ang,ang
472_s_1_ang,ang
473_s_1_ang,ang
474_s_1_ang,ang
475_s_1_ang,ang
476_s_1_ang,ang
477_s_1_neu,neu
478_s_1_neu,neu
479_s_1_neu,neu
47_s_1_sad,sad
480_s_1_ang,ang
481_s_1_neu,neu
482_s_1_neu,neu
483_s_1_ang,ang
484_s_1_neu,neu
486_s_1_neu,neu
487_s_1_ang,ang
488_s_1_ang,ang
489_s_1_ang,ang
48_s_1_sad,sad
490_s_1_ang,ang
491_s_1_ang,ang
492_s_1_ang,ang
493_s_1_ang,ang
494_s_1_ang,ang
495_s_1_ang,ang
496_s_1_ang,ang
497_s_1_neu,neu
498_s_1_ang,ang
499_s_1_ang,ang
49_s_1_neu,neu
4_s_1_ang,ang
501_s_1_ang,ang
502_s_1_ang,ang
503_s_1_ang,ang
504_s_1_ang,ang
505_s_1_ang,ang
506_s_1_ang,ang
507_s_1_ang,ang
508_s_1_ang,ang
509_s_1_ang,ang
50_s_1_hap,hap
510_s_1_ang,ang
511_s_1_ang,ang
512_s_1_ang,ang
513_s_1_ang,ang
514_s_1_ang,ang
515_s_1_ang,ang
516_s_1_ang,ang
518_s_1_neu,neu
519_s_1_neu,neu
51_s_1_hap,hap
520_s_1_neu,neu
521_s_1_ang,ang
522_s_1_ang,ang
523_s_1_ang,ang
524_s_1_ang,ang
525_s_1_ang,ang
526_s_1_neu,neu
527_s_1_sad,sad
528_s_1_sad,sad
529_s_1_sad,sad
52_s_1_hap,hap
530_s_1_sad,sad
531_s_1_sad,sad
532_s_1_sad,sad
534_s_1_sad,sad
535_s_1_sad,sad
536_s_1_sad,sad
537_s_1_sad,sad
538_s_1_sad,sad
539_s_1_sad,sad
53_s_1_hap,hap
540_s_1_sad,sad
541_s_1_sad,sad
542_s_1_sad,sad
543_s_1_sad,sad
544_s_1_sad,sad
545_s_1_sad,sad
546_s_1_sad,sad
547_s_1_sad,sad
548_s_1_sad,sad
549_s_1_sad,sad
550_s_1_sad,sad
551_s_1_sad,sad
552_s_1_sad,sad
553_s_1_sad,sad
554_s_1_exc,exc
555_s_1_exc,exc
556_s_1_exc,exc
557_s_1_exc,exc
558_s_1_exc,exc
559_s_1_exc,exc
55_s_1_hap,hap
560_s_1_exc,exc
561_s_1_exc,exc
562_s_1_exc,exc
563_s_1_exc,exc
564_s_1_exc,exc
565_s_1_exc,exc
567_s_1_exc,exc
568_s_1_exc,exc
569_s_1_neu,neu
56_s_1_hap,hap
570_s_1_neu,neu
571_s_1_exc,exc
572_s_1_exc,exc
573_s_1_neu,neu
574_s_1_exc,exc
575_s_1_exc,exc
576_s_1_exc,exc
577_s_1_exc,exc
578_s_1_exc,exc
579_s_1_exc,exc
57_s_1_hap,hap
580_s_1_exc,exc
581_s_1_neu,neu
582_s_1_exc,exc
583_s_1_exc,exc
584_s_1_neu,neu
585_s_1_exc,exc
586_s_1_exc,exc
587_s_1_exc,exc
588_s_1_exc,exc
589_s_1_exc,exc
1015_s_1_exc,exc
1031_s_1_hap,hap
1048_s_1_ang,ang
1064_s_1_ang,ang
1080_s_1_ang,ang
1097_s_2_sad,sad
1111_s_2_sad,sad
1127_s_2_exc,exc
115_s_1_neu,neu
117_s_1_neu,neu
1196_s_2_neu,neu
1214_s_2_sad,sad
1232_s_2_neu,neu
1249_s_2_exc,exc
1267_s_2_exc,exc
1282_s_2_exc,exc
606_s_1_neu,neu
607_s_1_neu,neu
608_s_1_neu,neu
609_s_1_neu,neu
60_s_1_hap,hap
610_s_1_neu,neu
611_s_1_neu,neu
612_s_1_neu,neu
613_s_1_neu,neu
614_s_1_neu,neu
615_s_1_neu,neu
616_s_1_neu,neu
617_s_1_neu,neu
618_s_1_neu,neu
619_s_1_neu,neu
61_s_1_exc,exc
620_s_1_neu,neu
622_s_1_neu,neu
623_s_1_neu,neu
624_s_1_neu,neu
625_s_1_neu,neu
626_s_1_ang,ang
627_s_1_ang,ang
628_s_1_ang,ang
629_s_1_neu,neu
62_s_1_hap,hap
630_s_1_neu,neu
631_s_1_neu,neu
632_s_1_neu,neu
633_s_1_neu,neu
634_s_1_neu,neu
635_s_1_neu,neu
636_s_1_neu,neu
637_s_1_neu,neu
639_s_1_neu,neu
63_s_1_neu,neu
640_s_1_neu,neu
641_s_1_neu,neu
642_s_1_neu,neu
643_s_1_neu,neu
644_s_1_neu,neu
645_s_1_neu,neu
646_s_1_neu,neu
647_s_1_neu,neu
648_s_1_neu,neu
649_s_1_neu,neu
64_s_1_neu,neu
650_s_1_neu,neu
651_s_1_neu,neu
652_s_1_neu,neu
653_s_1_neu,neu
655_s_1_neu,neu
656_s_1_neu,neu
657_s_1_neu,neu
658_s_1_neu,neu
659_s_1_neu,neu
65_s_1_neu,neu
660_s_1_neu,neu
661_s_1_neu,neu
662_s_1_ang,ang
663_s_1_ang,ang
664_s_1_ang,ang
665_s_1_ang,ang
666_s_1_ang,ang
667_s_1_neu,neu
668_s_1_ang,ang
669_s_1_ang,ang
66_s_1_hap,hap
671_s_1_ang,ang
672_s_1_ang,ang
673_s_1_ang,ang
674_s_1_ang,ang
675_s_1_ang,ang
676_s_1_ang,ang
677_s_1_ang,ang
678_s_1_neu,neu
679_s_1_neu,neu
67_s_1_neu,neu
680_s_1_neu,neu
681_s_1_sad,sad
682_s_1_sad,sad
683_s_1_sad,sad
684_s_1_sad,sad
685_s_1_neu,neu
686_s_1_neu,neu
3916_s_4_sad,sad
3932_s_4_sad,sad
3949_s_4_sad,sad
3966_s_4_exc,exc
3982_s_4_exc,exc
3998_s_4_neu,neu
4011_s_4_neu,neu
403_s_1_neu,neu
4056_s_4_neu,neu
4072_s_4_neu,neu
4089_s_4_sad,sad
4104_s_4_sad,sad
4120_s_4_ang,ang
4137_s_4_exc,exc
4152_s_4_ang,ang
4168_s_4_ang,ang
4183_s_4_exc,exc
688_s_1_neu,neu
689_s_1_neu,neu
68_s_1_neu,neu
690_s_1_neu,neu
691_s_1_neu,neu
692_s_1_neu,neu
693_s_1_neu,neu
694_s_1_neu,neu
695_s_1_neu,neu
696_s_1_neu,neu
697_s_1_neu,neu
698_s_1_neu,neu
699_s_1_neu,neu
69_s_1_hap,hap
6_s_1_ang,ang
700_s_1_neu,neu
701_s_1_neu,neu
703_s_1_neu,neu
704_s_1_neu,neu
705_s_1_neu,neu
706_s_1_neu,neu
707_s_1_sad,sad
708_s_1_sad,sad
709_s_1_sad,sad
70_s_1_hap,hap
710_s_1_sad,sad
711_s_1_sad,sad
712_s_1_sad,sad
713_s_1_sad,sad
714_s_1_sad,sad
715_s_1_sad,sad
716_s_1_sad,sad
717_s_1_sad,sad
718_s_1_sad,sad
71_s_1_hap,hap
720_s_1_sad,sad
721_s_1_sad,sad
722_s_1_sad,sad
723_s_1_sad,sad
724_s_1_sad,sad
725_s_1_sad,sad
726_s_1_sad,sad
727_s_1_sad,sad
728_s_1_sad,sad
729_s_1_sad,sad
72_s_1_neu,neu
730_s_1_sad,sad
731_s_1_sad,sad
732_s_1_sad,sad
733_s_1_sad,sad
734_s_1_sad,sad
735_s_1_sad,sad
736_s_1_sad,sad
737_s_1_sad,sad
738_s_1_neu,neu
739_s_1_exc,exc
73_s_1_neu,neu
740_s_1_exc,exc
741_s_1_exc,exc
742_s_1_exc,exc
743_s_1_exc,exc
744_s_1_exc,exc
745_s_1_exc,exc
746_s_1_exc,exc
747_s_1_neu,neu
748_s_1_exc,exc
749_s_1_neu,neu
850_s_1_sad,sad
851_s_1_sad,sad
852_s_1_neu,neu
853_s_1_neu,neu
854_s_1_exc,exc
855_s_1_exc,exc
856_s_1_hap,hap
857_s_1_sad,sad
858_s_1_sad,sad
859_s_1_sad,sad
85_s_1_neu,neu
860_s_1_sad,sad
861_s_1_sad,sad
862_s_1_sad,sad
863_s_1_sad,sad
864_s_1_sad,sad
865_s_1_hap,hap
767_s_1_exc,exc
768_s_1_exc,exc
769_s_1_exc,exc
76_s_1_hap,hap
770_s_1_exc,exc
771_s_1_hap,hap
772_s_1_exc,exc
773_s_1_exc,exc
774_s_1_exc,exc
775_s_1_exc,exc
776_s_1_hap,hap
777_s_1_hap,hap
778_s_1_hap,hap
779_s_1_exc,exc
77_s_1_neu,neu
780_s_1_hap,hap
781_s_1_neu,neu
783_s_1_neu,neu
784_s_1_neu,neu
785_s_1_hap,hap
786_s_1_hap,hap
787_s_1_sad,sad
788_s_1_sad,sad
789_s_1_sad,sad
78_s_1_neu,neu
790_s_1_ang,ang
791_s_1_ang,ang
792_s_1_ang,ang
793_s_1_ang,ang
794_s_1_ang,ang
795_s_1_ang,ang
796_s_1_ang,ang
797_s_1_ang,ang
798_s_1_ang,ang
79_s_1_neu,neu
7_s_1_ang,ang
800_s_1_neu,neu
801_s_1_ang,ang
802_s_1_ang,ang
803_s_1_sad,sad
804_s_1_ang,ang
805_s_1_ang,ang
806_s_1_ang,ang
807_s_1_ang,ang
808_s_1_ang,ang
809_s_1_ang,ang
80_s_1_hap,hap
810_s_1_ang,ang
811_s_1_ang,ang
812_s_1_ang,ang
813_s_1_neu,neu
815_s_1_sad,sad
816_s_1_sad,sad
817_s_1_sad,sad
818_s_1_sad,sad
819_s_1_sad,sad
81_s_1_hap,hap
820_s_1_neu,neu
821_s_1_ang,ang
822_s_1_ang,ang
823_s_1_ang,ang
824_s_1_sad,sad
825_s_1_ang,ang
826_s_1_ang,ang
827_s_1_neu,neu
828_s_1_sad,sad
829_s_1_sad,sad
82_s_1_hap,hap
831_s_1_sad,sad
832_s_1_ang,ang
833_s_1_ang,ang
834_s_1_ang,ang
835_s_1_ang,ang
836_s_1_ang,ang
837_s_1_ang,ang
838_s_1_ang,ang
839_s_1_ang,ang
83_s_1_neu,neu
840_s_1_neu,neu
841_s_1_neu,neu
842_s_1_neu,neu
843_s_1_ang,ang
844_s_1_ang,ang
845_s_1_ang,ang
846_s_1_neu,neu
847_s_1_neu,neu
848_s_1_sad,sad
849_s_1_neu,neu
867_s_1_hap,hap
868_s_1_sad,sad
869_s_1_neu,neu
86_s_1_neu,neu
870_s_1_neu,neu
871_s_1_neu,neu
872_s_1_hap,hap
873_s_1_neu,neu
874_s_1_exc,exc
875_s_1_exc,exc
876_s_1_hap,hap
877_s_1_sad,sad
878_s_1_sad,sad
879_s_1_sad,sad
87_s_1_exc,exc
880_s_1_sad,sad
881_s_1_sad,sad
883_s_1_sad,sad
884_s_1_sad,sad
885_s_1_sad,sad
886_s_1_sad,sad
887_s_1_sad,sad
888_s_1_sad,sad
889_s_1_sad,sad
88_s_1_hap,hap
890_s_1_sad,sad
891_s_1_sad,sad
892_s_1_sad,sad
893_s_1_sad,sad
894_s_1_sad,sad
895_s_1_sad,sad
896_s_1_sad,sad
897_s_1_sad,sad
898_s_1_sad,sad
89_s_1_neu,neu
8_s_1_ang,ang
900_s_1_ang,ang
901_s_1_neu,neu
902_s_1_neu,neu
903_s_1_hap,hap
904_s_1_ang,ang
905_s_1_ang,ang
906_s_1_ang,ang
907_s_1_ang,ang
908_s_1_ang,ang
909_s_1_exc,exc
90_s_1_neu,neu
910_s_1_exc,exc
911_s_1_exc,exc
912_s_1_exc,exc
913_s_1_exc,exc
915_s_1_neu,neu
916_s_1_neu,neu
917_s_1_neu,neu
918_s_1_exc,exc
919_s_1_exc,exc
91_s_1_neu,neu
920_s_1_exc,exc
921_s_1_neu,neu
922_s_1_neu,neu
923_s_1_ang,ang
924_s_1_neu,neu
925_s_1_exc,exc
926_s_1_exc,exc
927_s_1_neu,neu
928_s_1_neu,neu
929_s_1_exc,exc
92_s_1_neu,neu
931_s_1_exc,exc
932_s_1_exc,exc
933_s_1_exc,exc
934_s_1_exc,exc
935_s_1_exc,exc
936_s_1_neu,neu
937_s_1_ang,ang
938_s_1_ang,ang
939_s_1_ang,ang
93_s_1_neu,neu
940_s_1_ang,ang
941_s_1_ang,ang
942_s_1_ang,ang
943_s_1_neu,neu
944_s_1_sad,sad
945_s_1_sad,sad
946_s_1_sad,sad
948_s_1_ang,ang
949_s_1_ang,ang
94_s_1_neu,neu
950_s_1_ang,ang
951_s_1_sad,sad
952_s_1_sad,sad
953_s_1_sad,sad
954_s_1_sad,sad
955_s_1_sad,sad
956_s_1_sad,sad
957_s_1_hap,hap
958_s_1_hap,hap
959_s_1_sad,sad
95_s_1_neu,neu
960_s_1_neu,neu
961_s_1_exc,exc
962_s_1_exc,exc
964_s_1_neu,neu
965_s_1_neu,neu
966_s_1_neu,neu
967_s_1_neu,neu
968_s_1_neu,neu
969_s_1_neu,neu
96_s_1_neu,neu
970_s_1_neu,neu
971_s_1_neu,neu
972_s_1_neu,neu
973_s_1_neu,neu
974_s_1_neu,neu
975_s_1_neu,neu
976_s_1_ang,ang
977_s_1_ang,ang
978_s_1_sad,sad
979_s_1_sad,sad
980_s_1_neu,neu
981_s_1_neu,neu
982_s_1_sad,sad
983_s_1_sad,sad
984_s_1_sad,sad
985_s_1_sad,sad
986_s_1_sad,sad
987_s_1_hap,hap
988_s_1_neu,neu
989_s_1_neu,neu
98_s_1_ang,ang
990_s_1_hap,hap
991_s_1_hap,hap
992_s_1_neu,neu
993_s_1_hap,hap
994_s_1_hap,hap
995_s_1_exc,exc
996_s_1_hap,hap
997_s_1_hap,hap
998_s_1_hap,hap
999_s_1_hap,hap
99_s_1_ang,ang
9_s_1_ang,ang
702_s_1_neu,neu
719_s_1_sad,sad
74_s_1_exc,exc
766_s_1_exc,exc
782_s_1_exc,exc
799_s_1_neu,neu
814_s_1_neu,neu
830_s_1_ang,ang
84_s_1_neu,neu
866_s_1_hap,hap
882_s_1_sad,sad
899_s_1_hap,hap
914_s_1_neu,neu
930_s_1_exc,exc
947_s_1_sad,sad
963_s_1_exc,exc
97_s_1_ang,ang
1016_s_1_hap,hap
1017_s_1_hap,hap
1018_s_1_hap,hap
1019_s_1_hap,hap
101_s_1_ang,ang
1020_s_1_hap,hap
1021_s_1_sad,sad
1022_s_1_hap,hap
1023_s_1_hap,hap
1024_s_1_hap,hap
1025_s_1_hap,hap
1026_s_1_hap,hap
1027_s_1_exc,exc
1028_s_1_exc,exc
1029_s_1_hap,hap
102_s_1_ang,ang
1030_s_1_hap,hap
1032_s_1_exc,exc
1033_s_1_hap,hap
1034_s_1_hap,hap
1035_s_1_hap,hap
1036_s_1_neu,neu
1037_s_1_neu,neu
1038_s_1_ang,ang
1039_s_1_ang,ang
103_s_1_neu,neu
1040_s_1_ang,ang
1041_s_1_ang,ang
1042_s_1_ang,ang
1043_s_1_ang,ang
1044_s_1_ang,ang
1045_s_1_ang,ang
1046_s_1_ang,ang
1047_s_1_ang,ang
1049_s_1_ang,ang
104_s_1_neu,neu
1050_s_1_ang,ang
1051_s_1_ang,ang
1052_s_1_ang,ang
1053_s_1_ang,ang
1054_s_1_ang,ang
1055_s_1_ang,ang
1056_s_1_ang,ang
1057_s_1_ang,ang
1058_s_1_ang,ang
1059_s_1_ang,ang
105_s_1_neu,neu
1060_s_1_neu,neu
1061_s_1_neu,neu
1062_s_1_neu,neu
1063_s_1_ang,ang
1065_s_1_ang,ang
1066_s_1_ang,ang
1067_s_1_ang,ang
1068_s_1_ang,ang
1069_s_1_ang,ang
106_s_1_neu,neu
1070_s_1_ang,ang
1071_s_1_ang,ang
1072_s_1_ang,ang
1073_s_1_ang,ang
1074_s_1_ang,ang
1075_s_1_ang,ang
1076_s_1_ang,ang
1077_s_1_ang,ang
1078_s_1_ang,ang
1079_s_1_ang,ang
107_s_1_neu,neu
1081_s_1_ang,ang
1082_s_1_ang,ang
1083_s_1_ang,ang
1084_s_1_ang,ang
1085_s_2_neu,neu
1086_s_2_ang,ang
1087_s_2_ang,ang
1088_s_2_ang,ang
1089_s_2_ang,ang
108_s_1_neu,neu
1090_s_2_neu,neu
1091_s_2_neu,neu
1092_s_2_neu,neu
1093_s_2_neu,neu
1094_s_2_ang,ang
1095_s_2_ang,ang
1096_s_2_sad,sad
1098_s_2_sad,sad
1099_s_2_sad,sad
109_s_1_neu,neu
10_s_1_ang,ang
1100_s_2_sad,sad
1101_s_2_sad,sad
1102_s_2_sad,sad
1103_s_2_sad,sad
1104_s_2_sad,sad
1105_s_2_sad,sad
1106_s_2_sad,sad
1107_s_2_sad,sad
1108_s_2_sad,sad
1109_s_2_sad,sad
110_s_1_neu,neu
1110_s_2_sad,sad
1112_s_2_exc,exc
1113_s_2_exc,exc
1114_s_2_exc,exc
1115_s_2_exc,exc
1116_s_2_exc,exc
1117_s_2_exc,exc
1118_s_2_exc,exc
1119_s_2_exc,exc
111_s_1_neu,neu
1120_s_2_hap,hap
1121_s_2_hap,hap
1122_s_2_hap,hap
1123_s_2_hap,hap
1124_s_2_hap,hap
1125_s_2_exc,exc
1126_s_2_hap,hap
1128_s_2_hap,hap
1129_s_2_hap,hap
112_s_1_neu,neu
1130_s_2_exc,exc
1131_s_2_hap,hap
1132_s_2_hap,hap
1133_s_2_neu,neu
1134_s_2_hap,hap
1135_s_2_exc,exc
1136_s_2_hap,hap
1137_s_2_hap,hap
1138_s_2_hap,hap
1139_s_2_exc,exc
113_s_1_neu,neu
1140_s_2_neu,neu
1141_s_2_neu,neu
1142_s_2_neu,neu
1143_s_2_neu,neu
1144_s_2_neu,neu
1145_s_2_neu,neu
1146_s_2_hap,hap
1147_s_2_hap,hap
1148_s_2_hap,hap
1149_s_2_hap,hap
114_s_1_neu,neu
1150_s_2_exc,exc
1151_s_2_exc,exc
1153_s_2_sad,sad
1155_s_2_neu,neu
1156_s_2_neu,neu
1157_s_2_neu,neu
1158_s_2_neu,neu
1159_s_2_neu,neu
1180_s_2_neu,neu
1181_s_2_neu,neu
1182_s_2_neu,neu
1183_s_2_neu,neu
1184_s_2_neu,neu
1185_s_2_neu,neu
1186_s_2_neu,neu
1187_s_2_neu,neu
1188_s_2_neu,neu
1189_s_2_neu,neu
118_s_1_neu,neu
1190_s_2_neu,neu
1191_s_2_neu,neu
1192_s_2_neu,neu
1193_s_2_neu,neu
1194_s_2_neu,neu
1195_s_2_neu,neu
1197_s_2_neu,neu
1198_s_2_neu,neu
1199_s_2_neu,neu
119_s_1_neu,neu
11_s_1_neu,neu
1200_s_2_neu,neu
1201_s_2_sad,sad
1202_s_2_sad,sad
1203_s_2_sad,sad
1207_s_2_sad,sad
1208_s_2_sad,sad
1209_s_2_sad,sad
120_s_1_neu,neu
1210_s_2_sad,sad
1211_s_2_sad,sad
1212_s_2_sad,sad
1213_s_2_sad,sad
1215_s_2_sad,sad
1216_s_2_neu,neu
1217_s_2_neu,neu
1218_s_2_neu,neu
121_s_1_neu,neu
1220_s_2_neu,neu
1221_s_2_neu,neu
1223_s_2_neu,neu
1224_s_2_neu,neu
1225_s_2_neu,neu
1226_s_2_neu,neu
1227_s_2_neu,neu
1228_s_2_neu,neu
1229_s_2_neu,neu
122_s_1_neu,neu
1230_s_2_neu,neu
1231_s_2_neu,neu
1233_s_2_neu,neu
1234_s_2_neu,neu
1235_s_2_neu,neu
1236_s_2_exc,exc
1237_s_2_exc,exc
1238_s_2_exc,exc
1239_s_2_exc,exc
123_s_1_neu,neu
1240_s_2_exc,exc
1241_s_2_exc,exc
1242_s_2_exc,exc
1243_s_2_exc,exc
1244_s_2_exc,exc
1245_s_2_exc,exc
1246_s_2_exc,exc
1247_s_2_exc,exc
1248_s_2_exc,exc
124_s_1_neu,neu
1250_s_2_exc,exc
1251_s_2_exc,exc
1252_s_2_exc,exc
1253_s_2_exc,exc
1254_s_2_exc,exc
1255_s_2_exc,exc
1256_s_2_exc,exc
1257_s_2_exc,exc
1258_s_2_exc,exc
1259_s_2_exc,exc
125_s_1_neu,neu
1260_s_2_exc,exc
1261_s_2_exc,exc
1262_s_2_exc,exc
1263_s_2_exc,exc
1264_s_2_exc,exc
1268_s_2_exc,exc
1269_s_2_exc,exc
126_s_1_neu,neu
1270_s_2_exc,exc
1271_s_2_exc,exc
1272_s_2_exc,exc
1273_s_2_neu,neu
1274_s_2_exc,exc
1275_s_2_exc,exc
1276_s_2_exc,exc
1277_s_2_exc,exc
1278_s_2_exc,exc
1279_s_2_exc,exc
127_s_1_neu,neu
1280_s_2_exc,exc
1281_s_2_exc,exc
1283_s_2_exc,exc
1284_s_2_exc,exc
1285_s_2_neu,neu
1286_s_2_exc,exc
1288_s_2_hap,hap
1289_s_2_exc,exc
128_s_1_neu,neu
1290_s_2_exc,exc
1291_s_2_exc,exc
1292_s_2_exc,exc
1293_s_2_exc,exc
1294_s_2_neu,neu
1295_s_2_neu,neu
1296_s_2_neu,neu
1297_s_2_neu,neu
1298_s_2_neu,neu
129_s_1_neu,neu
12_s_1_neu,neu
1300_s_2_neu,neu
1301_s_2_neu,neu
1302_s_2_neu,neu
1303_s_2_neu,neu
1304_s_2_neu,neu
1305_s_2_neu,neu
1306_s_2_neu,neu
1307_s_2_neu,neu
1308_s_2_neu,neu
1309_s_2_neu,neu
130_s_1_neu,neu
1310_s_2_neu,neu
1311_s_2_neu,neu
1312_s_2_neu,neu
1313_s_2_neu,neu
1314_s_2_neu,neu
1315_s_2_neu,neu
1316_s_2_neu,neu
1317_s_2_neu,neu
1318_s_2_neu,neu
1319_s_2_neu,neu
1337_s_2_sad,sad
1338_s_2_sad,sad
1339_s_2_sad,sad
133_s_1_neu,neu
1340_s_2_neu,neu
1341_s_2_ang,ang
1342_s_2_neu,neu
1343_s_2_neu,neu
1344_s_2_neu,neu
1345_s_2_neu,neu
1346_s_2_sad,sad
1347_s_2_ang,ang
1348_s_2_ang,ang
1349_s_2_ang,ang
134_s_1_ang,ang
1350_s_2_ang,ang
1352_s_2_ang,ang
131_s_1_neu,neu
1336_s_2_sad,sad
1353_s_2_ang,ang
1371_s_2_neu,neu
1388_s_2_sad,sad
1403_s_2_sad,sad
141_s_1_ang,ang
1436_s_2_neu,neu
1451_s_2_sad,sad
1469_s_2_neu,neu
148_s_1_ang,ang
1507_s_2_neu,neu
1523_s_2_neu,neu
153_s_1_ang,ang
1556_s_2_ang,ang
1572_s_2_ang,ang
1354_s_2_neu,neu
1355_s_2_ang,ang
1356_s_2_ang,ang
1357_s_2_ang,ang
1358_s_2_sad,sad
1359_s_2_neu,neu
135_s_1_ang,ang
1360_s_2_ang,ang
1361_s_2_ang,ang
1362_s_2_ang,ang
1363_s_2_neu,neu
1366_s_2_ang,ang
1367_s_2_ang,ang
1368_s_2_ang,ang
1369_s_2_neu,neu
136_s_1_ang,ang
1370_s_2_neu,neu
1372_s_2_neu,neu
1373_s_2_neu,neu
1374_s_2_neu,neu
1375_s_2_neu,neu
1376_s_2_ang,ang
1377_s_2_ang,ang
1378_s_2_ang,ang
1379_s_2_sad,sad
137_s_1_ang,ang
1380_s_2_hap,hap
1381_s_2_hap,hap
1382_s_2_hap,hap
1383_s_2_hap,hap
1384_s_2_sad,sad
1385_s_2_sad,sad
1386_s_2_sad,sad
1387_s_2_sad,sad
1389_s_2_sad,sad
138_s_1_ang,ang
1390_s_2_sad,sad
1391_s_2_hap,hap
1392_s_2_neu,neu
1393_s_2_exc,exc
1394_s_2_sad,sad
1395_s_2_sad,sad
1396_s_2_sad,sad
1397_s_2_sad,sad
1398_s_2_sad,sad
1399_s_2_sad,sad
139_s_1_ang,ang
13_s_1_neu,neu
1400_s_2_sad,sad
1401_s_2_sad,sad
1402_s_2_sad,sad
1404_s_2_sad,sad
1405_s_2_sad,sad
1406_s_2_sad,sad
1407_s_2_sad,sad
1408_s_2_sad,sad
1409_s_2_neu,neu
140_s_1_ang,ang
1410_s_2_neu,neu
1411_s_2_neu,neu
1412_s_2_neu,neu
1413_s_2_exc,exc
1414_s_2_exc,exc
1415_s_2_exc,exc
1416_s_2_exc,exc
1417_s_2_exc,exc
1418_s_2_exc,exc
1419_s_2_exc,exc
1420_s_2_neu,neu
1421_s_2_neu,neu
1422_s_2_neu,neu
1423_s_2_neu,neu
1424_s_2_exc,exc
1425_s_2_exc,exc
1427_s_2_neu,neu
1428_s_2_neu,neu
1429_s_2_neu,neu
142_s_1_ang,ang
1430_s_2_neu,neu
1431_s_2_exc,exc
1432_s_2_exc,exc
1433_s_2_exc,exc
1434_s_2_exc,exc
1435_s_2_neu,neu
1437_s_2_exc,exc
1438_s_2_exc,exc
1439_s_2_exc,exc
143_s_1_ang,ang
1440_s_2_exc,exc
1441_s_2_exc,exc
1442_s_2_exc,exc
1443_s_2_neu,neu
1444_s_2_neu,neu
1445_s_2_neu,neu
1446_s_2_ang,ang
1447_s_2_ang,ang
1448_s_2_ang,ang
1449_s_2_sad,sad
144_s_1_ang,ang
1450_s_2_sad,sad
1452_s_2_sad,sad
1453_s_2_sad,sad
1454_s_2_sad,sad
1456_s_2_sad,sad
1457_s_2_sad,sad
1458_s_2_sad,sad
1459_s_2_sad,sad
145_s_1_ang,ang
1460_s_2_sad,sad
1461_s_2_sad,sad
1462_s_2_sad,sad
1463_s_2_hap,hap
1464_s_2_hap,hap
1465_s_2_hap,hap
1466_s_2_sad,sad
1468_s_2_exc,exc
146_s_1_ang,ang
1470_s_2_neu,neu
1471_s_2_neu,neu
1472_s_2_neu,neu
1473_s_2_neu,neu
1474_s_2_neu,neu
1476_s_2_neu,neu
1477_s_2_neu,neu
1478_s_2_neu,neu
1479_s_2_neu,neu
147_s_1_ang,ang
1480_s_2_neu,neu
1481_s_2_neu,neu
1482_s_2_neu,neu
1483_s_2_neu,neu
1484_s_2_neu,neu
1485_s_2_ang,ang
1486_s_2_sad,sad
1488_s_2_neu,neu
1489_s_2_sad,sad
1508_s_2_neu,neu
1509_s_2_neu,neu
150_s_1_ang,ang
1510_s_2_hap,hap
1511_s_2_hap,hap
1512_s_2_hap,hap
1513_s_2_hap,hap
1514_s_2_hap,hap
1515_s_2_hap,hap
1516_s_2_hap,hap
1517_s_2_hap,hap
1518_s_2_neu,neu
1519_s_2_hap,hap
151_s_1_ang,ang
1520_s_2_exc,exc
1521_s_2_neu,neu
1522_s_2_neu,neu
1524_s_2_neu,neu
1525_s_2_neu,neu
1526_s_2_neu,neu
1527_s_2_neu,neu
1528_s_2_neu,neu
1529_s_2_neu,neu
152_s_1_ang,ang
1530_s_2_neu,neu
1531_s_2_neu,neu
1532_s_2_neu,neu
1533_s_2_neu,neu
1534_s_2_neu,neu
1535_s_2_exc,exc
1536_s_2_exc,exc
1537_s_2_neu,neu
1538_s_2_exc,exc
1539_s_2_exc,exc
1540_s_2_neu,neu
1541_s_2_neu,neu
1542_s_2_neu,neu
1543_s_2_neu,neu
1544_s_2_neu,neu
1545_s_2_neu,neu
1546_s_2_exc,exc
1547_s_2_neu,neu
1548_s_2_neu,neu
1549_s_2_neu,neu
154_s_1_neu,neu
1550_s_2_neu,neu
1551_s_2_neu,neu
1552_s_2_ang,ang
1553_s_2_ang,ang
1554_s_2_exc,exc
1555_s_2_ang,ang
1557_s_2_ang,ang
1558_s_2_ang,ang
1559_s_2_ang,ang
155_s_1_hap,hap
1560_s_2_ang,ang
1561_s_2_ang,ang
1562_s_2_ang,ang
1563_s_2_ang,ang
1564_s_2_ang,ang
1565_s_2_ang,ang
1566_s_2_ang,ang
1567_s_2_ang,ang
1568_s_2_ang,ang
1569_s_2_ang,ang
156_s_1_hap,hap
1570_s_2_neu,neu
1571_s_2_neu,neu
1573_s_2_ang,ang
1574_s_2_neu,neu
1575_s_2_neu,neu
1576_s_2_ang,ang
1577_s_2_ang,ang
1578_s_2_ang,ang
1579_s_2_ang,ang
157_s_1_neu,neu
1580_s_2_ang,ang
1581_s_2_ang,ang
1582_s_2_ang,ang
1583_s_2_ang,ang
1584_s_2_ang,ang
1585_s_2_ang,ang
1586_s_2_ang,ang
1587_s_2_ang,ang
1588_s_2_ang,ang
158_s_1_neu,neu
1590_s_2_neu,neu
1591_s_2_neu,neu
1592_s_2_neu,neu
1593_s_2_neu,neu
1594_s_2_neu,neu
1595_s_2_neu,neu
1596_s_2_neu,neu
1597_s_2_neu,neu
1598_s_2_neu,neu
1599_s_2_neu,neu
159_s_1_neu,neu
15_s_1_neu,neu
1600_s_2_neu,neu
1601_s_2_neu,neu
1602_s_2_neu,neu
1604_s_2_ang,ang
1605_s_2_ang,ang
1606_s_2_ang,ang
1607_s_2_ang,ang
1608_s_2_ang,ang
1609_s_2_ang,ang
160_s_1_neu,neu
1610_s_2_ang,ang
1611_s_2_sad,sad
1612_s_2_sad,sad
1613_s_2_sad,sad
1614_s_2_sad,sad
1615_s_2_sad,sad
1616_s_2_sad,sad
1617_s_2_sad,sad
1618_s_2_sad,sad
161_s_1_neu,neu
1620_s_2_sad,sad
1621_s_2_sad,sad
1622_s_2_sad,sad
1623_s_2_sad,sad
1624_s_2_sad,sad
1625_s_2_sad,sad
1626_s_2_sad,sad
1627_s_2_sad,sad
1628_s_2_sad,sad
1629_s_2_sad,sad
162_s_1_neu,neu
1630_s_2_sad,sad
1631_s_2_sad,sad
1632_s_2_neu,neu
1633_s_2_sad,sad
1634_s_2_sad,sad
1635_s_2_exc,exc
1636_s_2_exc,exc
1637_s_2_exc,exc
1638_s_2_exc,exc
1639_s_2_exc,exc
163_s_1_neu,neu
1640_s_2_exc,exc
1641_s_2_exc,exc
1642_s_2_exc,exc
1643_s_2_exc,exc
1644_s_2_exc,exc
1645_s_2_exc,exc
1646_s_2_exc,exc
1647_s_2_exc,exc
1648_s_2_exc,exc
1649_s_2_exc,exc
1667_s_2_exc,exc
1668_s_2_exc,exc
1669_s_2_hap,hap
166_s_1_neu,neu
1670_s_2_exc,exc
1671_s_2_exc,exc
1672_s_2_hap,hap
1673_s_2_hap,hap
1674_s_2_exc,exc
1675_s_2_hap,hap
1676_s_2_neu,neu
1677_s_2_neu,neu
1678_s_2_neu,neu
1679_s_2_neu,neu
167_s_1_neu,neu
1680_s_2_neu,neu
1681_s_2_neu,neu
1603_s_2_neu,neu
1619_s_2_sad,sad
164_s_1_neu,neu
1666_s_2_exc,exc
1682_s_2_neu,neu
1699_s_2_neu,neu
1714_s_2_neu,neu
1730_s_2_sad,sad
1747_s_2_sad,sad
1762_s_2_sad,sad
1778_s_2_exc,exc
1793_s_2_exc,exc
180_s_1_neu,neu
1826_s_2_exc,exc
1842_s_2_neu,neu
1859_s_2_neu,neu
1683_s_2_neu,neu
1684_s_2_neu,neu
1685_s_2_sad,sad
1686_s_2_neu,neu
1687_s_2_neu,neu
1688_s_2_neu,neu
1689_s_2_neu,neu
168_s_1_neu,neu
1690_s_2_neu,neu
1691_s_2_neu,neu
1692_s_2_sad,sad
1693_s_2_ang,ang
1694_s_2_sad,sad
1695_s_2_neu,neu
1696_s_2_neu,neu
1697_s_2_neu,neu
1698_s_2_neu,neu
169_s_1_neu,neu
16_s_1_neu,neu
1700_s_2_neu,neu
1701_s_2_neu,neu
1702_s_2_neu,neu
1703_s_2_neu,neu
1704_s_2_neu,neu
1705_s_2_neu,neu
1706_s_2_neu,neu
1707_s_2_neu,neu
1708_s_2_neu,neu
1709_s_2_neu,neu
170_s_1_neu,neu
1710_s_2_neu,neu
1711_s_2_neu,neu
1712_s_2_neu,neu
1713_s_2_neu,neu
1715_s_2_neu,neu
1716_s_2_neu,neu
1717_s_2_neu,neu
1718_s_2_neu,neu
1719_s_2_neu,neu
171_s_1_neu,neu
1720_s_2_neu,neu
1721_s_2_neu,neu
1722_s_2_neu,neu
1723_s_2_neu,neu
1724_s_2_neu,neu
1725_s_2_ang,ang
1726_s_2_ang,ang
1727_s_2_ang,ang
1728_s_2_ang,ang
1729_s_2_ang,ang
172_s_1_neu,neu
1731_s_2_sad,sad
1732_s_2_sad,sad
1733_s_2_sad,sad
1734_s_2_sad,sad
1735_s_2_sad,sad
1736_s_2_sad,sad
1737_s_2_sad,sad
1738_s_2_sad,sad
1739_s_2_sad,sad
173_s_1_neu,neu
1740_s_2_sad,sad
1741_s_2_sad,sad
1742_s_2_sad,sad
1743_s_2_sad,sad
1744_s_2_sad,sad
1745_s_2_sad,sad
1746_s_2_sad,sad
1748_s_2_sad,sad
1749_s_2_sad,sad
174_s_1_neu,neu
1750_s_2_sad,sad
1751_s_2_sad,sad
1752_s_2_sad,sad
1753_s_2_sad,sad
1754_s_2_sad,sad
1755_s_2_sad,sad
1756_s_2_sad,sad
1757_s_2_sad,sad
1758_s_2_sad,sad
1759_s_2_sad,sad
175_s_1_neu,neu
1760_s_2_sad,sad
1761_s_2_sad,sad
1763_s_2_sad,sad
1764_s_2_sad,sad
1765_s_2_sad,sad
1766_s_2_sad,sad
1767_s_2_sad,sad
1768_s_2_sad,sad
1769_s_2_sad,sad
176_s_1_neu,neu
1770_s_2_sad,sad
1771_s_2_exc,exc
1772_s_2_exc,exc
1773_s_2_exc,exc
1774_s_2_exc,exc
1775_s_2_exc,exc
1776_s_2_exc,exc
1777_s_2_exc,exc
1779_s_2_exc,exc
177_s_1_neu,neu
1780_s_2_exc,exc
1781_s_2_exc,exc
1782_s_2_exc,exc
1783_s_2_exc,exc
1784_s_2_hap,hap
1785_s_2_hap,hap
1786_s_2_hap,hap
1787_s_2_hap,hap
1788_s_2_hap,hap
1789_s_2_hap,hap
178_s_1_neu,neu
1790_s_2_hap,hap
1791_s_2_hap,hap
1792_s_2_exc,exc
1794_s_2_hap,hap
1795_s_2_exc,exc
1796_s_2_exc,exc
1797_s_2_exc,exc
1798_s_2_hap,hap
1799_s_2_hap,hap
179_s_1_neu,neu
17_s_1_neu,neu
1800_s_2_exc,exc
1801_s_2_exc,exc
1802_s_2_exc,exc
1803_s_2_exc,exc
1804_s_2_hap,hap
1805_s_2_hap,hap
1806_s_2_hap,hap
1807_s_2_exc,exc
1808_s_2_exc,exc
1809_s_2_exc,exc
1827_s_2_neu,neu
1828_s_2_neu,neu
1829_s_2_neu,neu
182_s_1_neu,neu
1830_s_2_neu,neu
1831_s_2_neu,neu
1832_s_2_hap,hap
1833_s_2_hap,hap
1834_s_2_neu,neu
1835_s_2_neu,neu
1836_s_2_neu,neu
1837_s_2_hap,hap
1838_s_2_hap,hap
1839_s_2_neu,neu
183_s_1_neu,neu
1840_s_2_neu,neu
1841_s_2_neu,neu
1843_s_2_neu,neu
1844_s_2_neu,neu
1845_s_2_neu,neu
1846_s_2_neu,neu
1847_s_2_neu,neu
1848_s_2_neu,neu
1849_s_2_neu,neu
184_s_1_neu,neu
1850_s_2_neu,neu
1851_s_2_neu,neu
1852_s_2_neu,neu
1853_s_2_neu,neu
1854_s_2_neu,neu
1855_s_2_neu,neu
1856_s_2_neu,neu
1857_s_2_neu,neu
1858_s_2_neu,neu
185_s_1_neu,neu
1860_s_2_neu,neu
1861_s_2_neu,neu
1862_s_2_neu,neu
1863_s_2_neu,neu
1864_s_2_neu,neu
1865_s_2_neu,neu
1866_s_2_neu,neu
1867_s_2_neu,neu
1868_s_2_neu,neu
1869_s_2_neu,neu
186_s_1_sad,sad
1870_s_2_neu,neu
1871_s_2_neu,neu
1872_s_2_neu,neu
1873_s_2_neu,neu
1874_s_2_ang,ang
1876_s_2_ang,ang
1877_s_2_ang,ang
1878_s_2_ang,ang
1879_s_2_ang,ang
187_s_1_neu,neu
1880_s_2_ang,ang
1881_s_2_ang,ang
1882_s_2_sad,sad
1883_s_2_sad,sad
1884_s_2_sad,sad
1885_s_2_sad,sad
1886_s_2_ang,ang
1887_s_2_ang,ang
1888_s_2_neu,neu
1889_s_2_neu,neu
188_s_1_neu,neu
1890_s_2_neu,neu
1892_s_2_ang,ang
1893_s_2_ang,ang
1894_s_2_neu,neu
1895_s_2_neu,neu
1896_s_2_sad,sad
1897_s_2_sad,sad
1898_s_2_sad,sad
1899_s_2_ang,ang
189_s_1_sad,sad
18_s_1_neu,neu
1900_s_2_ang,ang
1901_s_2_ang,ang
1902_s_2_sad,sad
1903_s_2_ang,ang
1904_s_2_ang,ang
1905_s_2_ang,ang
1906_s_2_ang,ang
1908_s_2_ang,ang
1909_s_2_ang,ang
190_s_1_sad,sad
1910_s_2_sad,sad
1911_s_2_neu,neu
1912_s_2_neu,neu
1913_s_2_neu,neu
1914_s_2_neu,neu
1915_s_2_ang,ang
1916_s_2_ang,ang
1917_s_2_hap,hap
1918_s_2_hap,hap
1919_s_2_hap,hap
191_s_1_sad,sad
1920_s_2_hap,hap
1921_s_2_neu,neu
1923_s_2_hap,hap
1924_s_2_hap,hap
1925_s_2_sad,sad
1926_s_2_sad,sad
1927_s_2_sad,sad
1928_s_2_sad,sad
1929_s_2_sad,sad
192_s_1_sad,sad
1930_s_2_hap,hap
1931_s_2_hap,hap
1932_s_2_exc,exc
1933_s_2_exc,exc
1934_s_2_exc,exc
1935_s_2_sad,sad
1936_s_2_sad,sad
1937_s_2_sad,sad
1939_s_2_sad,sad
193_s_1_neu,neu
1940_s_2_sad,sad
1941_s_2_sad,sad
1942_s_2_sad,sad
1943_s_2_sad,sad
1944_s_2_sad,sad
1945_s_2_sad,sad
1946_s_2_sad,sad
1947_s_2_sad,sad
1948_s_2_sad,sad
1949_s_2_neu,neu
194_s_1_sad,sad
1950_s_2_neu,neu
1951_s_2_neu,neu
1952_s_2_neu,neu
1954_s_2_neu,neu
1955_s_2_sad,sad
1956_s_2_neu,neu
1957_s_2_ang,ang
1958_s_2_neu,neu
1959_s_2_neu,neu
195_s_1_sad,sad
1960_s_2_exc,exc
1961_s_2_exc,exc
1962_s_2_exc,exc
1963_s_2_exc,exc
1964_s_2_exc,exc
1965_s_2_exc,exc
1966_s_2_exc,exc
1967_s_2_exc,exc
1968_s_2_exc,exc
1969_s_2_exc,exc
196_s_1_sad,sad
1970_s_2_exc,exc
1971_s_2_exc,exc
1972_s_2_exc,exc
1973_s_2_exc,exc
1974_s_2_exc,exc
1975_s_2_exc,exc
1976_s_2_exc,exc
1977_s_2_exc,exc
1978_s_2_exc,exc
1979_s_2_exc,exc
1891_s_2_ang,ang
1907_s_2_ang,ang
1922_s_2_hap,hap
1938_s_2_sad,sad
1953_s_2_neu,neu
197_s_1_sad,sad
1996_s_2_sad,sad
2010_s_2_neu,neu
2027_s_2_hap,hap
2043_s_2_hap,hap
205_s_1_sad,sad
2075_s_2_ang,ang
2090_s_2_neu,neu
2105_s_2_ang,ang
212_s_1_sad,sad
2146_s_3_neu,neu
1997_s_2_sad,sad
1998_s_2_hap,hap
1999_s_2_sad,sad
199_s_1_sad,sad
19_s_1_ang,ang
1_s_1_ang,ang
2000_s_2_hap,hap
2001_s_2_sad,sad
2002_s_2_hap,hap
2003_s_2_neu,neu
2004_s_2_neu,neu
2005_s_2_neu,neu
2006_s_2_neu,neu
2007_s_2_neu,neu
2008_s_2_neu,neu
2009_s_2_neu,neu
200_s_1_neu,neu
2011_s_2_exc,exc
2012_s_2_exc,exc
2013_s_2_neu,neu
2014_s_2_neu,neu
2015_s_2_neu,neu
2016_s_2_neu,neu
2017_s_2_ang,ang
2018_s_2_sad,sad
2019_s_2_sad,sad
201_s_1_neu,neu
2020_s_2_sad,sad
2021_s_2_hap,hap
2022_s_2_hap,hap
2023_s_2_hap,hap
2024_s_2_hap,hap
2025_s_2_hap,hap
2026_s_2_exc,exc
2028_s_2_exc,exc
2029_s_2_hap,hap
202_s_1_neu,neu
2030_s_2_hap,hap
2031_s_2_exc,exc
2032_s_2_sad,sad
2033_s_2_hap,hap
2034_s_2_hap,hap
2035_s_2_hap,hap
2036_s_2_hap,hap
2037_s_2_hap,hap
2038_s_2_hap,hap
2039_s_2_hap,hap
203_s_1_sad,sad
2040_s_2_hap,hap
2041_s_2_exc,exc
2042_s_2_hap,hap
2044_s_2_sad,sad
2045_s_2_hap,hap
2046_s_2_hap,hap
2047_s_2_exc,exc
2048_s_2_exc,exc
2049_s_2_exc,exc
204_s_1_sad,sad
2050_s_2_sad,sad
2051_s_2_exc,exc
2052_s_2_exc,exc
2053_s_2_exc,exc
2054_s_2_exc,exc
2055_s_2_exc,exc
2056_s_2_hap,hap
2057_s_2_hap,hap
2058_s_2_hap,hap
2059_s_2_exc,exc
2060_s_2_exc,exc
2061_s_2_neu,neu
2062_s_2_neu,neu
2063_s_2_neu,neu
2064_s_2_neu,neu
2065_s_2_neu,neu
2066_s_2_neu,neu
2067_s_2_neu,neu
2068_s_2_neu,neu
2069_s_2_ang,ang
206_s_1_sad,sad
2070_s_2_neu,neu
2071_s_2_ang,ang
2072_s_2_ang,ang
2073_s_2_neu,neu
2074_s_2_ang,ang
2076_s_2_ang,ang
2077_s_2_ang,ang
2078_s_2_ang,ang
2079_s_2_ang,ang
207_s_1_sad,sad
2080_s_2_ang,ang
2081_s_2_ang,ang
2082_s_2_ang,ang
2083_s_2_neu,neu
2084_s_2_ang,ang
2085_s_2_ang,ang
2086_s_2_ang,ang
2087_s_2_ang,ang
2088_s_2_neu,neu
2089_s_2_neu,neu
208_s_1_sad,sad
2091_s_2_neu,neu
2092_s_2_neu,neu
2093_s_2_neu,neu
2094_s_2_ang,ang
2095_s_2_ang,ang
2096_s_2_ang,ang
2097_s_2_neu,neu
2098_s_2_neu,neu
2099_s_2_ang,ang
209_s_1_sad,sad
20_s_1_neu,neu
2100_s_2_ang,ang
2101_s_2_ang,ang
2102_s_2_ang,ang
2103_s_2_ang,ang
2104_s_2_ang,ang
2106_s_2_ang,ang
2107_s_2_ang,ang
2108_s_3_neu,neu
2109_s_3_neu,neu
210_s_1_neu,neu
2110_s_3_neu,neu
2111_s_3_neu,neu
2112_s_3_neu,neu
2113_s_3_ang,ang
2114_s_3_neu,neu
2115_s_3_neu,neu
2116_s_3_neu,neu
2117_s_3_neu,neu
2118_s_3_neu,neu
2119_s_3_neu,neu
211_s_1_sad,sad
2120_s_3_neu,neu
2121_s_3_neu,neu
2122_s_3_neu,neu
2123_s_3_neu,neu
2124_s_3_neu,neu
2125_s_3_neu,neu
2126_s_3_neu,neu
2127_s_3_neu,neu
2128_s_3_neu,neu
2129_s_3_neu,neu
2147_s_3_neu,neu
2148_s_3_neu,neu
2149_s_3_ang,ang
214_s_1_neu,neu
2150_s_3_ang,ang
2151_s_3_neu,neu
2152_s_3_neu,neu
2153_s_3_neu,neu
2154_s_3_neu,neu
2155_s_3_neu,neu
2156_s_3_neu,neu
2157_s_3_neu,neu
2158_s_3_neu,neu
2159_s_3_neu,neu
215_s_1_sad,sad
2160_s_3_neu,neu
2161_s_3_neu,neu
2163_s_3_neu,neu
2164_s_3_neu,neu
2165_s_3_exc,exc
2166_s_3_exc,exc
2167_s_3_sad,sad
2168_s_3_sad,sad
2169_s_3_sad,sad
216_s_1_neu,neu
2170_s_3_sad,sad
2171_s_3_sad,sad
2172_s_3_sad,sad
2173_s_3_sad,sad
2174_s_3_sad,sad
2175_s_3_sad,sad
2176_s_3_sad,sad
2177_s_3_sad,sad
2178_s_3_sad,sad
217_s_1_neu,neu
2180_s_3_sad,sad
2181_s_3_sad,sad
2182_s_3_sad,sad
2183_s_3_sad,sad
2184_s_3_sad,sad
2185_s_3_sad,sad
2186_s_3_sad,sad
2187_s_3_sad,sad
2188_s_3_sad,sad
2189_s_3_sad,sad
218_s_1_neu,neu
2190_s_3_sad,sad
2191_s_3_sad,sad
2192_s_3_sad,sad
2193_s_3_sad,sad
2194_s_3_sad,sad
2196_s_3_hap,hap
2197_s_3_ang,ang
2198_s_3_sad,sad
2199_s_3_sad,sad
219_s_1_sad,sad
21_s_1_ang,ang
2200_s_3_sad,sad
2201_s_3_sad,sad
2202_s_3_sad,sad
2203_s_3_sad,sad
2204_s_3_sad,sad
2205_s_3_sad,sad
2206_s_3_sad,sad
2207_s_3_ang,ang
2208_s_3_sad,sad
2209_s_3_sad,sad
220_s_1_neu,neu
2211_s_3_exc,exc
2212_s_3_exc,exc
2213_s_3_exc,exc
2214_s_3_exc,exc
2215_s_3_exc,exc
2216_s_3_exc,exc
2217_s_3_exc,exc
2218_s_3_exc,exc
2219_s_3_exc,exc
221_s_1_neu,neu
2220_s_3_hap,hap
2221_s_3_hap,hap
2222_s_3_exc,exc
2224_s_3_hap,hap
2225_s_3_hap,hap
2226_s_3_hap,hap
2227_s_3_hap,hap
2229_s_3_exc,exc
222_s_1_neu,neu
2230_s_3_exc,exc
2231_s_3_exc,exc
2232_s_3_exc,exc
2233_s_3_exc,exc
2234_s_3_exc,exc
2235_s_3_exc,exc
2236_s_3_hap,hap
2237_s_3_exc,exc
2238_s_3_sad,sad
2239_s_3_sad,sad
223_s_1_neu,neu
2240_s_3_sad,sad
2241_s_3_sad,sad
2242_s_3_neu,neu
2244_s_3_neu,neu
2245_s_3_neu,neu
2246_s_3_neu,neu
2247_s_3_neu,neu
2248_s_3_neu,neu
2249_s_3_neu,neu
224_s_1_neu,neu
2250_s_3_neu,neu
2251_s_3_neu,neu
2252_s_3_neu,neu
2253_s_3_neu,neu
2254_s_3_neu,neu
2255_s_3_neu,neu
2256_s_3_neu,neu
2257_s_3_neu,neu
2258_s_3_neu,neu
225_s_1_neu,neu
2260_s_3_neu,neu
2261_s_3_neu,neu
2262_s_3_ang,ang
2263_s_3_ang,ang
2264_s_3_ang,ang
2265_s_3_ang,ang
2266_s_3_ang,ang
2267_s_3_ang,ang
2268_s_3_ang,ang
2269_s_3_ang,ang
226_s_1_neu,neu
2270_s_3_ang,ang
2271_s_3_ang,ang
2272_s_3_neu,neu
2273_s_3_neu,neu
2275_s_3_neu,neu
2276_s_3_neu,neu
2277_s_3_neu,neu
2278_s_3_sad,sad
227_s_1_neu,neu
2280_s_3_sad,sad
2281_s_3_sad,sad
2282_s_3_sad,sad
2283_s_3_sad,sad
2284_s_3_sad,sad
2285_s_3_sad,sad
2286_s_3_sad,sad
2287_s_3_sad,sad
2288_s_3_sad,sad
2289_s_3_sad,sad
228_s_1_neu,neu
2290_s_3_sad,sad
2291_s_3_sad,sad
2292_s_3_sad,sad
2293_s_3_sad,sad
2294_s_3_sad,sad
2295_s_3_sad,sad
2296_s_3_sad,sad
2297_s_3_sad,sad
2298_s_3_sad,sad
2299_s_3_sad,sad
2179_s_3_sad,sad
2195_s_3_neu,neu
2210_s_3_sad,sad
2228_s_3_exc,exc
2243_s_3_neu,neu
2259_s_3_neu,neu
2274_s_3_neu,neu
229_s_1_exc,exc
2315_s_3_neu,neu
2333_s_3_hap,hap
234_s_1_exc,exc
2366_s_3_exc,exc
2382_s_3_neu,neu
2398_s_3_neu,neu
2412_s_3_ang,ang
243_s_1_exc,exc
2440_s_3_ang,ang
2441_s_3_ang,ang
2442_s_3_ang,ang
2443_s_3_ang,ang
2444_s_3_ang,ang
2445_s_3_hap,hap
2446_s_3_hap,hap
2447_s_3_hap,hap
2448_s_3_sad,sad
2449_s_3_sad,sad
244_s_1_exc,exc
2450_s_3_hap,hap
2451_s_3_hap,hap
2452_s_3_hap,hap
2453_s_3_hap,hap
2454_s_3_hap,hap
2455_s_3_hap,hap
2316_s_3_sad,sad
2317_s_3_neu,neu
2318_s_3_sad,sad
2319_s_3_sad,sad
231_s_1_exc,exc
2320_s_3_sad,sad
2321_s_3_sad,sad
2322_s_3_sad,sad
2324_s_3_sad,sad
2325_s_3_sad,sad
2326_s_3_sad,sad
2327_s_3_sad,sad
2328_s_3_sad,sad
2329_s_3_sad,sad
232_s_1_exc,exc
2330_s_3_sad,sad
2332_s_3_hap,hap
2334_s_3_exc,exc
2335_s_3_exc,exc
2336_s_3_exc,exc
2337_s_3_exc,exc
2338_s_3_hap,hap
2339_s_3_hap,hap
233_s_1_exc,exc
2340_s_3_exc,exc
2341_s_3_neu,neu
2342_s_3_exc,exc
2343_s_3_hap,hap
2344_s_3_hap,hap
2345_s_3_exc,exc
2346_s_3_exc,exc
2347_s_3_exc,exc
2348_s_3_hap,hap
2349_s_3_hap,hap
2350_s_3_exc,exc
2351_s_3_exc,exc
2352_s_3_exc,exc
2353_s_3_exc,exc
2354_s_3_neu,neu
2355_s_3_hap,hap
2356_s_3_hap,hap
2357_s_3_hap,hap
2358_s_3_neu,neu
2359_s_3_neu,neu
235_s_1_exc,exc
2360_s_3_neu,neu
2361_s_3_neu,neu
2362_s_3_exc,exc
2363_s_3_exc,exc
2364_s_3_neu,neu
2365_s_3_exc,exc
2367_s_3_exc,exc
2368_s_3_exc,exc
2369_s_3_neu,neu
236_s_1_exc,exc
2370_s_3_exc,exc
2371_s_3_neu,neu
2372_s_3_neu,neu
2373_s_3_exc,exc
2374_s_3_exc,exc
2375_s_3_exc,exc
2376_s_3_exc,exc
2377_s_3_exc,exc
2378_s_3_neu,neu
2379_s_3_hap,hap
237_s_1_exc,exc
2380_s_3_hap,hap
2381_s_3_neu,neu
2383_s_3_neu,neu
2384_s_3_neu,neu
2385_s_3_neu,neu
2386_s_3_neu,neu
2387_s_3_neu,neu
2388_s_3_neu,neu
2389_s_3_neu,neu
238_s_1_exc,exc
2390_s_3_neu,neu
2391_s_3_neu,neu
2392_s_3_neu,neu
2393_s_3_neu,neu
2394_s_3_neu,neu
2395_s_3_neu,neu
2396_s_3_neu,neu
2397_s_3_neu,neu
2399_s_3_neu,neu
239_s_1_exc,exc
23_s_1_sad,sad
2400_s_3_neu,neu
2401_s_3_neu,neu
2402_s_3_neu,neu
2403_s_3_neu,neu
2404_s_3_neu,neu
2405_s_3_neu,neu
2406_s_3_neu,neu
2407_s_3_neu,neu
2408_s_3_ang,ang
2409_s_3_ang,ang
240_s_1_exc,exc
2410_s_3_ang,ang
2411_s_3_ang,ang
2413_s_3_ang,ang
2414_s_3_ang,ang
2415_s_3_ang,ang
2416_s_3_ang,ang
2417_s_3_ang,ang
2418_s_3_neu,neu
2419_s_3_ang,ang
241_s_1_exc,exc
2420_s_3_ang,ang
2421_s_3_ang,ang
2422_s_3_ang,ang
2423_s_3_ang,ang
2424_s_3_sad,sad
2425_s_3_ang,ang
2426_s_3_ang,ang
2427_s_3_ang,ang
2428_s_3_sad,sad
2429_s_3_sad,sad
242_s_1_exc,exc
2430_s_3_sad,sad
2431_s_3_neu,neu
2432_s_3_neu,neu
2433_s_3_neu,neu
2434_s_3_neu,neu
2435_s_3_neu,neu
2436_s_3_neu,neu
2437_s_3_neu,neu
2438_s_3_ang,ang
2439_s_3_ang,ang
2457_s_3_sad,sad
2458_s_3_sad,sad
2459_s_3_sad,sad
245_s_1_exc,exc
2460_s_3_sad,sad
2461_s_3_sad,sad
2462_s_3_sad,sad
2463_s_3_sad,sad
2464_s_3_sad,sad
2465_s_3_sad,sad
2466_s_3_hap,hap
2467_s_3_hap,hap
2468_s_3_neu,neu
2469_s_3_neu,neu
246_s_1_exc,exc
2470_s_3_neu,neu
2471_s_3_hap,hap
2473_s_3_hap,hap
2474_s_3_hap,hap
2475_s_3_hap,hap
2476_s_3_hap,hap
2477_s_3_hap,hap
2478_s_3_hap,hap
2479_s_3_hap,hap
247_s_1_exc,exc
2480_s_3_hap,hap
2481_s_3_hap,hap
2482_s_3_hap,hap
2483_s_3_hap,hap
2484_s_3_hap,hap
2485_s_3_sad,sad
2486_s_3_neu,neu
2487_s_3_sad,sad
2488_s_3_sad,sad
248_s_1_exc,exc
2490_s_3_sad,sad
2491_s_3_sad,sad
2492_s_3_sad,sad
2493_s_3_sad,sad
2494_s_3_sad,sad
2495_s_3_sad,sad
2496_s_3_sad,sad
2497_s_3_sad,sad
2498_s_3_sad,sad
2499_s_3_sad,sad
249_s_1_neu,neu
24_s_1_sad,sad
2500_s_3_sad,sad
2501_s_3_sad,sad
2502_s_3_sad,sad
2503_s_3_sad,sad
2505_s_3_hap,hap
2506_s_3_sad,sad
2507_s_3_ang,ang
2508_s_3_sad,sad
2509_s_3_sad,sad
250_s_1_neu,neu
2510_s_3_ang,ang
2511_s_3_exc,exc
2512_s_3_exc,exc
2513_s_3_exc,exc
2514_s_3_exc,exc
2515_s_3_exc,exc
2516_s_3_exc,exc
2517_s_3_exc,exc
2518_s_3_exc,exc
2519_s_3_exc,exc
251_s_1_exc,exc
2521_s_3_exc,exc
2522_s_3_exc,exc
2523_s_3_exc,exc
2524_s_3_exc,exc
2525_s_3_neu,neu
2526_s_3_neu,neu
2527_s_3_neu,neu
2528_s_3_exc,exc
252_s_1_exc,exc
2530_s_3_neu,neu
2531_s_3_exc,exc
2532_s_3_exc,exc
2533_s_3_exc,exc
2535_s_3_exc,exc
2536_s_3_exc,exc
2537_s_3_neu,neu
2538_s_3_neu,neu
253_s_1_exc,exc
2540_s_3_ang,ang
2541_s_3_sad,sad
2542_s_3_sad,sad
2543_s_3_sad,sad
2544_s_3_hap,hap
2545_s_3_hap,hap
2546_s_3_hap,hap
2547_s_3_sad,sad
2548_s_3_hap,hap
2549_s_3_sad,sad
254_s_1_neu,neu
2550_s_3_sad,sad
2551_s_3_sad,sad
2552_s_3_sad,sad
2553_s_3_sad,sad
2555_s_3_ang,ang
2556_s_3_sad,sad
2557_s_3_sad,sad
2558_s_3_sad,sad
2559_s_3_sad,sad
255_s_1_hap,hap
2560_s_3_hap,hap
2561_s_3_hap,hap
2562_s_3_hap,hap
2563_s_3_hap,hap
2564_s_3_hap,hap
2565_s_3_sad,sad
2566_s_3_neu,neu
2567_s_3_neu,neu
2568_s_3_neu,neu
2569_s_3_neu,neu
2570_s_3_ang,ang
2571_s_3_hap,hap
2572_s_3_hap,hap
2573_s_3_hap,hap
2574_s_3_hap,hap
2575_s_3_neu,neu
2576_s_3_neu,neu
2577_s_3_hap,hap
2578_s_3_hap,hap
2579_s_3_neu,neu
257_s_1_neu,neu
2580_s_3_neu,neu
2581_s_3_exc,exc
2582_s_3_sad,sad
2583_s_3_sad,sad
2584_s_3_exc,exc
2585_s_3_hap,hap
2587_s_3_hap,hap
2588_s_3_exc,exc
2589_s_3_neu,neu
258_s_1_neu,neu
2590_s_3_neu,neu
2591_s_3_exc,exc
2592_s_3_exc,exc
2593_s_3_exc,exc
2594_s_3_exc,exc
2595_s_3_exc,exc
2596_s_3_exc,exc
2597_s_3_neu,neu
2598_s_3_neu,neu
2599_s_3_neu,neu
259_s_1_ang,ang
2617_s_3_ang,ang
2618_s_3_ang,ang
2619_s_3_ang,ang
261_s_1_ang,ang
2620_s_3_neu,neu
2621_s_3_neu,neu
2622_s_3_neu,neu
2623_s_3_neu,neu
2624_s_3_ang,ang
2625_s_3_ang,ang
2626_s_3_ang,ang
2627_s_3_ang,ang
2628_s_3_ang,ang
2629_s_3_ang,ang
262_s_1_ang,ang
2630_s_3_ang,ang
2631_s_3_ang,ang
2472_s_3_hap,hap
2489_s_3_sad,sad
2504_s_3_hap,hap
2520_s_3_exc,exc
2539_s_3_ang,ang
2554_s_3_ang,ang
256_s_1_neu,neu
25_s_1_sad,sad
2616_s_3_ang,ang
2632_s_3_ang,ang
2649_s_3_ang,ang
2665_s_3_sad,sad
2681_s_3_sad,sad
2698_s_3_sad,sad
2713_s_3_exc,exc
2633_s_3_ang,ang
2634_s_3_ang,ang
2635_s_3_ang,ang
2636_s_3_neu,neu
2637_s_3_ang,ang
2638_s_3_ang,ang
2639_s_3_ang,ang
263_s_1_ang,ang
2640_s_3_ang,ang
2641_s_3_ang,ang
2642_s_3_ang,ang
2643_s_3_ang,ang
2644_s_3_neu,neu
2645_s_3_neu,neu
2646_s_3_ang,ang
2647_s_3_ang,ang
2648_s_3_ang,ang
264_s_1_neu,neu
2650_s_3_ang,ang
2651_s_3_ang,ang
2652_s_3_ang,ang
2653_s_3_ang,ang
2654_s_3_ang,ang
2655_s_3_ang,ang
2656_s_3_ang,ang
2657_s_3_ang,ang
2658_s_3_hap,hap
2659_s_3_hap,hap
265_s_1_neu,neu
2660_s_3_sad,sad
2661_s_3_sad,sad
2662_s_3_sad,sad
2663_s_3_sad,sad
2664_s_3_sad,sad
2666_s_3_sad,sad
2667_s_3_sad,sad
2668_s_3_sad,sad
2669_s_3_sad,sad
266_s_1_neu,neu
2670_s_3_sad,sad
2671_s_3_sad,sad
2672_s_3_sad,sad
2673_s_3_sad,sad
2674_s_3_sad,sad
2675_s_3_sad,sad
2676_s_3_sad,sad
2677_s_3_sad,sad
2678_s_3_sad,sad
2679_s_3_sad,sad
267_s_1_neu,neu
2680_s_3_sad,sad
2682_s_3_sad,sad
2683_s_3_sad,sad
2684_s_3_sad,sad
2685_s_3_sad,sad
2686_s_3_sad,sad
2687_s_3_neu,neu
2688_s_3_neu,neu
2689_s_3_sad,sad
268_s_1_neu,neu
2690_s_3_sad,sad
2691_s_3_sad,sad
2692_s_3_sad,sad
2693_s_3_sad,sad
2694_s_3_sad,sad
2695_s_3_sad,sad
2696_s_3_sad,sad
2697_s_3_sad,sad
2699_s_3_exc,exc
269_s_1_neu,neu
26_s_1_neu,neu
2700_s_3_exc,exc
2701_s_3_exc,exc
2702_s_3_exc,exc
2703_s_3_exc,exc
2704_s_3_exc,exc
2705_s_3_hap,hap
2706_s_3_neu,neu
2707_s_3_hap,hap
2708_s_3_hap,hap
2709_s_3_neu,neu
270_s_1_neu,neu
2710_s_3_hap,hap
2711_s_3_hap,hap
2712_s_3_exc,exc
2714_s_3_hap,hap
2715_s_3_hap,hap
2716_s_3_hap,hap
2717_s_3_hap,hap
2718_s_3_neu,neu
2719_s_3_exc,exc
271_s_1_neu,neu
2720_s_3_exc,exc
2721_s_3_exc,exc
2722_s_3_exc,exc
2723_s_3_exc,exc
2724_s_3_exc,exc
2725_s_3_hap,hap
2726_s_3_exc,exc
2727_s_3_hap,hap
2728_s_3_hap,hap
272_s_1_neu,neu
2730_s_3_hap,hap
2731_s_3_hap,hap
2732_s_3_hap,hap
2733_s_3_hap,hap
2734_s_3_hap,hap
2735_s_3_neu,neu
2736_s_3_hap,hap
2737_s_3_hap,hap
2738_s_3_hap,hap
2739_s_3_hap,hap
273_s_1_neu,neu
2740_s_3_neu,neu
2741_s_3_exc,exc
2742_s_3_neu,neu
2743_s_3_hap,hap
2745_s_3_neu,neu
2746_s_3_neu,neu
2747_s_3_sad,sad
2748_s_3_sad,sad
2749_s_3_exc,exc
274_s_1_neu,neu
2750_s_3_neu,neu
2751_s_3_neu,neu
2752_s_3_neu,neu
2753_s_3_neu,neu
2754_s_3_neu,neu
2755_s_3_neu,neu
2756_s_3_neu,neu
2757_s_3_neu,neu
2758_s_3_sad,sad
2759_s_3_ang,ang
275_s_1_neu,neu
2760_s_3_ang,ang
2761_s_3_neu,neu
2762_s_3_neu,neu
2763_s_3_sad,sad
2764_s_3_sad,sad
2765_s_3_sad,sad
2766_s_3_neu,neu
2767_s_3_hap,hap
2768_s_3_neu,neu
2769_s_3_neu,neu
2787_s_3_ang,ang
2788_s_3_ang,ang
2789_s_3_ang,ang
278_s_1_neu,neu
2790_s_3_ang,ang
2791_s_3_ang,ang
2792_s_3_ang,ang
2793_s_3_ang,ang
2794_s_3_ang,ang
2795_s_3_ang,ang
2796_s_3_ang,ang
2797_s_3_ang,ang
2798_s_3_ang,ang
2799_s_3_ang,ang
279_s_1_neu,neu
27_s_1_sad,sad
2800_s_3_ang,ang
2802_s_3_ang,ang
2803_s_3_ang,ang
2804_s_3_ang,ang
2805_s_3_ang,ang
2806_s_3_ang,ang
2807_s_3_ang,ang
2808_s_3_ang,ang
2809_s_3_ang,ang
280_s_1_neu,neu
2810_s_3_ang,ang
2811_s_3_exc,exc
2812_s_3_neu,neu
2813_s_3_neu,neu
2814_s_3_neu,neu
2815_s_3_neu,neu
2816_s_3_neu,neu
2817_s_3_neu,neu
2819_s_3_neu,neu
281_s_1_neu,neu
2820_s_3_neu,neu
2821_s_3_neu,neu
2822_s_3_neu,neu
2823_s_3_neu,neu
2824_s_3_neu,neu
2825_s_3_neu,neu
2826_s_3_neu,neu
2827_s_3_neu,neu
2828_s_3_neu,neu
2829_s_3_neu,neu
282_s_1_neu,neu
2830_s_3_neu,neu
2831_s_3_neu,neu
2832_s_3_neu,neu
2833_s_3_neu,neu
2835_s_3_neu,neu
2836_s_3_neu,neu
2837_s_3_neu,neu
2838_s_3_neu,neu
2839_s_3_ang,ang
283_s_1_neu,neu
2840_s_3_ang,ang
2841_s_3_ang,ang
2842_s_3_ang,ang
2843_s_3_ang,ang
2844_s_3_ang,ang
2845_s_3_neu,neu
2846_s_3_ang,ang
2847_s_3_ang,ang
2848_s_3_ang,ang
2849_s_3_ang,ang
284_s_1_neu,neu
2851_s_3_ang,ang
2852_s_3_ang,ang
2853_s_3_ang,ang
2854_s_3_ang,ang
2855_s_3_ang,ang
2856_s_3_ang,ang
2857_s_3_ang,ang
2858_s_3_sad,sad
2859_s_3_sad,sad
285_s_1_neu,neu
2860_s_3_sad,sad
2861_s_3_sad,sad
2862_s_3_sad,sad
2863_s_3_sad,sad
2864_s_3_sad,sad
2865_s_3_sad,sad
2866_s_3_sad,sad
2868_s_3_sad,sad
2869_s_3_sad,sad
286_s_1_neu,neu
2870_s_3_sad,sad
2871_s_3_sad,sad
2872_s_3_sad,sad
2873_s_3_sad,sad
2874_s_3_sad,sad
2875_s_3_sad,sad
2876_s_3_sad,sad
2877_s_3_sad,sad
2878_s_3_sad,sad
2879_s_3_sad,sad
287_s_1_neu,neu
2880_s_3_sad,sad
2881_s_3_sad,sad
2883_s_3_sad,sad
2884_s_3_sad,sad
2885_s_3_sad,sad
2886_s_3_sad,sad
2887_s_3_sad,sad
2888_s_3_sad,sad
2889_s_3_sad,sad
288_s_1_neu,neu
2890_s_3_sad,sad
2891_s_3_sad,sad
2892_s_3_sad,sad
2893_s_3_sad,sad
2894_s_3_sad,sad
2895_s_3_sad,sad
2896_s_3_sad,sad
2897_s_3_sad,sad
2899_s_3_sad,sad
289_s_1_neu,neu
28_s_1_sad,sad
2900_s_3_sad,sad
2901_s_3_sad,sad
2902_s_3_sad,sad
2903_s_3_sad,sad
2904_s_3_sad,sad
2905_s_3_sad,sad
2906_s_3_sad,sad
2907_s_3_sad,sad
2908_s_3_sad,sad
2909_s_3_sad,sad
290_s_1_neu,neu
2910_s_3_sad,sad
2911_s_3_hap,hap
2744_s_3_neu,neu
276_s_1_ang,ang
2786_s_3_ang,ang
2801_s_3_ang,ang
2818_s_3_neu,neu
2834_s_3_neu,neu
2850_s_3_ang,ang
2867_s_3_sad,sad
2882_s_3_sad,sad
2898_s_3_sad,sad
2912_s_3_hap,hap
292_s_1_neu,neu
2946_s_3_exc,exc
2962_s_3_neu,neu
2979_s_3_neu,neu
2913_s_3_exc,exc
2914_s_3_exc,exc
2915_s_3_hap,hap
2916_s_3_exc,exc
2917_s_3_hap,hap
2918_s_3_hap,hap
2919_s_3_hap,hap
291_s_1_neu,neu
2920_s_3_hap,hap
2921_s_3_hap,hap
2922_s_3_exc,exc
2923_s_3_hap,hap
2924_s_3_exc,exc
2925_s_3_hap,hap
2926_s_3_neu,neu
2927_s_3_exc,exc
2928_s_3_exc,exc
2929_s_3_exc,exc
2947_s_3_exc,exc
2948_s_3_hap,hap
2949_s_3_neu,neu
294_s_1_hap,hap
2950_s_3_ang,ang
2951_s_3_ang,ang
2952_s_3_ang,ang
2953_s_3_ang,ang
2954_s_3_ang,ang
2955_s_3_ang,ang
2956_s_3_neu,neu
2957_s_3_neu,neu
2958_s_3_neu,neu
2959_s_3_neu,neu
295_s_1_hap,hap
2960_s_3_neu,neu
2961_s_3_neu,neu
2963_s_3_neu,neu
2964_s_3_neu,neu
2965_s_3_neu,neu
2966_s_3_neu,neu
2967_s_3_neu,neu
2968_s_3_neu,neu
2969_s_3_neu,neu
296_s_1_hap,hap
2970_s_3_neu,neu
2971_s_3_neu,neu
2972_s_3_neu,neu
2973_s_3_neu,neu
2974_s_3_neu,neu
2975_s_3_neu,neu
2976_s_3_neu,neu
2977_s_3_neu,neu
2978_s_3_neu,neu
297_s_1_neu,neu
2980_s_3_neu,neu
2981_s_3_ang,ang
2982_s_3_ang,ang
2983_s_3_neu,neu
2984_s_3_neu,neu
2985_s_3_neu,neu
2986_s_3_neu,neu
2987_s_3_neu,neu
2988_s_3_neu,neu
2989_s_3_neu,neu
298_s_1_neu,neu
2990_s_3_neu,neu
2991_s_3_neu,neu
2992_s_3_neu,neu
2993_s_3_neu,neu
2994_s_3_neu,neu
2996_s_3_neu,neu
2997_s_3_neu,neu
2998_s_3_neu,neu
2999_s_3_neu,neu
299_s_1_neu,neu
29_s_1_neu,neu
2_s_1_ang,ang
3000_s_3_neu,neu
3001_s_3_neu,neu
3002_s_3_neu,neu
3003_s_3_neu,neu
3004_s_3_neu,neu
3005_s_3_neu,neu
3006_s_3_neu,neu
3007_s_3_neu,neu
3008_s_3_neu,neu
3009_s_3_neu,neu
3010_s_3_sad,sad
3011_s_3_sad,sad
3012_s_3_sad,sad
3013_s_3_ang,ang
3014_s_3_ang,ang
3015_s_3_ang,ang
3016_s_3_neu,neu
3017_s_3_neu,neu
3018_s_3_neu,neu
3019_s_3_ang,ang
301_s_1_hap,hap
3020_s_3_sad,sad
3021_s_3_ang,ang
3022_s_3_sad,sad
3023_s_3_sad,sad
3024_s_3_sad,sad
3026_s_3_sad,sad
3027_s_3_sad,sad
3028_s_3_sad,sad
3029_s_3_sad,sad
302_s_1_hap,hap
3030_s_3_sad,sad
3031_s_3_sad,sad
3032_s_3_ang,ang
3033_s_3_ang,ang
3034_s_3_ang,ang
3035_s_3_neu,neu
3036_s_3_neu,neu
3037_s_3_neu,neu
3038_s_3_ang,ang
3039_s_3_ang,ang
303_s_1_hap,hap
3041_s_3_neu,neu
3042_s_3_sad,sad
3043_s_3_neu,neu
3044_s_3_sad,sad
3045_s_3_neu,neu
3046_s_3_neu,neu
3047_s_3_ang,ang
3048_s_3_ang,ang
3049_s_3_ang,ang
304_s_1_neu,neu
3050_s_3_neu,neu
3051_s_3_sad,sad
3052_s_3_sad,sad
3053_s_3_sad,sad
3054_s_3_ang,ang
3055_s_3_ang,ang
3057_s_3_ang,ang
3058_s_3_sad,sad
3059_s_3_sad,sad
305_s_1_neu,neu
3060_s_3_ang,ang
3061_s_3_ang,ang
3062_s_3_sad,sad
3063_s_3_sad,sad
3064_s_3_neu,neu
3065_s_3_neu,neu
3066_s_3_neu,neu
3067_s_3_neu,neu
3068_s_3_ang,ang
3069_s_3_ang,ang
306_s_1_neu,neu
3070_s_3_ang,ang
3072_s_3_sad,sad
3073_s_3_sad,sad
3074_s_3_sad,sad
3075_s_3_sad,sad
3076_s_3_hap,hap
3077_s_3_hap,hap
3078_s_3_hap,hap
3079_s_3_hap,hap
307_s_1_sad,sad
3080_s_3_hap,hap
3081_s_3_hap,hap
3082_s_3_hap,hap
3083_s_3_hap,hap
3084_s_3_hap,hap
3085_s_3_hap,hap
3086_s_3_hap,hap
3087_s_3_sad,sad
3088_s_3_sad,sad
3089_s_3_sad,sad
3106_s_3_sad,sad
3107_s_3_sad,sad
3108_s_3_sad,sad
3109_s_3_sad,sad
310_s_1_neu,neu
3110_s_3_sad,sad
3111_s_3_sad,sad
3112_s_3_sad,sad
3113_s_3_sad,sad
3114_s_3_sad,sad
3115_s_3_sad,sad
3116_s_3_sad,sad
3117_s_3_hap,hap
3118_s_3_hap,hap
3119_s_3_neu,neu
311_s_1_neu,neu
3120_s_3_neu,neu
3122_s_3_exc,exc
3123_s_3_exc,exc
3124_s_3_exc,exc
3125_s_3_exc,exc
3126_s_3_exc,exc
3127_s_3_exc,exc
3128_s_3_exc,exc
3129_s_3_exc,exc
312_s_1_neu,neu
3130_s_3_neu,neu
3131_s_3_exc,exc
3132_s_3_exc,exc
3133_s_3_exc,exc
3134_s_3_exc,exc
3135_s_3_exc,exc
3136_s_3_exc,exc
3137_s_3_exc,exc
3139_s_3_exc,exc
313_s_1_neu,neu
3140_s_3_exc,exc
3141_s_3_exc,exc
3142_s_3_exc,exc
3143_s_3_exc,exc
3144_s_3_exc,exc
3145_s_3_exc,exc
3146_s_3_ang,ang
3147_s_3_ang,ang
3148_s_3_ang,ang
3149_s_3_ang,ang
314_s_1_neu,neu
3150_s_3_ang,ang
3151_s_3_ang,ang
3152_s_3_ang,ang
3153_s_3_ang,ang
3155_s_3_sad,sad
3156_s_3_sad,sad
3157_s_3_sad,sad
3158_s_3_sad,sad
3159_s_3_ang,ang
315_s_1_hap,hap
3160_s_3_ang,ang
3161_s_3_sad,sad
3162_s_3_sad,sad
3163_s_3_sad,sad
3164_s_3_sad,sad
3165_s_3_sad,sad
3166_s_3_sad,sad
3167_s_3_sad,sad
3168_s_3_hap,hap
3169_s_3_hap,hap
316_s_1_hap,hap
3171_s_3_hap,hap
3172_s_3_hap,hap
3173_s_3_hap,hap
3174_s_3_exc,exc
3175_s_3_neu,neu
3176_s_3_neu,neu
3177_s_3_neu,neu
3178_s_3_neu,neu
3179_s_3_neu,neu
317_s_1_hap,hap
3180_s_3_neu,neu
3181_s_3_ang,ang
3182_s_3_ang,ang
3183_s_3_ang,ang
3184_s_3_ang,ang
3185_s_3_ang,ang
3186_s_3_ang,ang
3188_s_3_sad,sad
3189_s_3_hap,hap
318_s_1_hap,hap
3190_s_3_hap,hap
3191_s_3_hap,hap
3192_s_3_hap,hap
3193_s_3_exc,exc
3194_s_3_exc,exc
3195_s_3_exc,exc
3196_s_3_exc,exc
3197_s_3_sad,sad
3198_s_3_exc,exc
3199_s_3_exc,exc
319_s_1_hap,hap
31_s_1_sad,sad
3200_s_3_neu,neu
300_s_1_hap,hap
3025_s_3_sad,sad
3040_s_3_neu,neu
3056_s_3_ang,ang
3071_s_3_ang,ang
308_s_1_neu,neu
3105_s_3_sad,sad
3121_s_3_exc,exc
3138_s_3_exc,exc
3154_s_3_ang,ang
3170_s_3_hap,hap
3187_s_3_sad,sad
3201_s_3_neu,neu
3217_s_3_ang,ang
3232_s_3_ang,ang
3202_s_3_ang,ang
3203_s_3_neu,neu
3204_s_3_neu,neu
3205_s_3_neu,neu
3206_s_3_ang,ang
3207_s_3_ang,ang
3208_s_3_neu,neu
3209_s_3_ang,ang
320_s_1_hap,hap
3210_s_3_neu,neu
3211_s_3_neu,neu
3212_s_3_ang,ang
3213_s_3_ang,ang
3214_s_3_ang,ang
3215_s_3_ang,ang
3216_s_3_ang,ang
3218_s_3_ang,ang
3219_s_3_ang,ang
321_s_1_hap,hap
3220_s_3_neu,neu
3221_s_3_ang,ang
3222_s_3_ang,ang
3223_s_3_ang,ang
3224_s_3_ang,ang
3225_s_3_ang,ang
3226_s_3_ang,ang
3227_s_3_ang,ang
3228_s_3_ang,ang
3229_s_3_neu,neu
322_s_1_hap,hap
3230_s_3_ang,ang
3231_s_3_ang,ang
3233_s_3_ang,ang
3234_s_3_ang,ang
3235_s_3_ang,ang
3236_s_3_neu,neu
3237_s_3_neu,neu
3238_s_3_ang,ang
3239_s_3_ang,ang
323_s_1_sad,sad
3240_s_3_ang,ang
3241_s_3_neu,neu
3242_s_3_neu,neu
3243_s_3_neu,neu
3244_s_3_ang,ang
3245_s_3_ang,ang
3246_s_3_ang,ang
3247_s_3_ang,ang
3248_s_3_ang,ang
3249_s_3_ang,ang
3267_s_4_ang,ang
3268_s_4_ang,ang
3269_s_4_ang,ang
326_s_1_sad,sad
3270_s_4_neu,neu
3271_s_4_ang,ang
3272_s_4_ang,ang
3273_s_4_ang,ang
3274_s_4_ang,ang
3275_s_4_ang,ang
3276_s_4_ang,ang
3277_s_4_ang,ang
3278_s_4_ang,ang
3279_s_4_ang,ang
327_s_1_sad,sad
3280_s_4_ang,ang
3281_s_4_neu,neu
3283_s_4_sad,sad
3284_s_4_ang,ang
3285_s_4_ang,ang
3286_s_4_ang,ang
3287_s_4_ang,ang
3288_s_4_neu,neu
3289_s_4_neu,neu
328_s_1_sad,sad
3290_s_4_ang,ang
3291_s_4_ang,ang
3292_s_4_ang,ang
3293_s_4_ang,ang
3294_s_4_sad,sad
3295_s_4_ang,ang
3296_s_4_ang,ang
3297_s_4_ang,ang
3298_s_4_sad,sad
329_s_1_sad,sad
32_s_1_sad,sad
3300_s_4_ang,ang
3301_s_4_ang,ang
3302_s_4_ang,ang
3303_s_4_ang,ang
3304_s_4_ang,ang
3305_s_4_ang,ang
3306_s_4_ang,ang
3307_s_4_ang,ang
3308_s_4_ang,ang
3309_s_4_ang,ang
330_s_1_sad,sad
3310_s_4_ang,ang
3311_s_4_ang,ang
3312_s_4_ang,ang
3313_s_4_ang,ang
3315_s_4_ang,ang
3316_s_4_ang,ang
3317_s_4_ang,ang
3318_s_4_sad,sad
3319_s_4_sad,sad
331_s_1_sad,sad
3320_s_4_sad,sad
3321_s_4_sad,sad
3322_s_4_sad,sad
3323_s_4_sad,sad
3324_s_4_sad,sad
3325_s_4_sad,sad
3326_s_4_sad,sad
3327_s_4_ang,ang
3328_s_4_ang,ang
3329_s_4_ang,ang
332_s_1_sad,sad
3331_s_4_sad,sad
3332_s_4_sad,sad
3333_s_4_sad,sad
3334_s_4_sad,sad
3335_s_4_sad,sad
3336_s_4_sad,sad
3337_s_4_ang,ang
3338_s_4_ang,ang
3339_s_4_ang,ang
333_s_1_sad,sad
3340_s_4_sad,sad
3341_s_4_sad,sad
3342_s_4_sad,sad
3343_s_4_exc,exc
3344_s_4_exc,exc
3345_s_4_exc,exc
3346_s_4_exc,exc
3348_s_4_exc,exc
3349_s_4_exc,exc
334_s_1_sad,sad
3350_s_4_exc,exc
3351_s_4_exc,exc
3352_s_4_hap,hap
3353_s_4_exc,exc
3354_s_4_hap,hap
3355_s_4_exc,exc
3356_s_4_exc,exc
3357_s_4_exc,exc
3358_s_4_exc,exc
3359_s_4_exc,exc
335_s_1_sad,sad
3360_s_4_exc,exc
3361_s_4_exc,exc
3363_s_4_exc,exc
3364_s_4_exc,exc
3365_s_4_exc,exc
3366_s_4_exc,exc
3367_s_4_exc,exc
3368_s_4_exc,exc
3369_s_4_exc,exc
336_s_1_neu,neu
3370_s_4_exc,exc
3371_s_4_exc,exc
3372_s_4_exc,exc
3373_s_4_exc,exc
3374_s_4_exc,exc
3375_s_4_neu,neu
3376_s_4_neu,neu
3377_s_4_exc,exc
3379_s_4_exc,exc
337_s_1_neu,neu
3380_s_4_exc,exc
3381_s_4_neu,neu
3382_s_4_neu,neu
3383_s_4_neu,neu
3384_s_4_neu,neu
3385_s_4_neu,neu
3386_s_4_neu,neu
3387_s_4_neu,neu
3388_s_4_neu,neu
3389_s_4_neu,neu
338_s_1_neu,neu
3390_s_4_neu,neu
3391_s_4_neu,neu
3392_s_4_neu,neu
3394_s_4_exc,exc
3395_s_4_exc,exc
3396_s_4_exc,exc
3397_s_4_exc,exc
3398_s_4_exc,exc
3399_s_4_exc,exc
339_s_1_ang,ang
33_s_1_sad,sad
3400_s_4_exc,exc
3401_s_4_exc,exc
3402_s_4_neu,neu
3403_s_4_neu,neu
3404_s_4_ang,ang
3405_s_4_ang,ang
3406_s_4_ang,ang
3407_s_4_ang,ang
3408_s_4_ang,ang
3409_s_4_ang,ang
3427_s_4_neu,neu
3428_s_4_neu,neu
3429_s_4_neu,neu
342_s_1_hap,hap
3430_s_4_neu,neu
3431_s_4_neu,neu
3432_s_4_neu,neu
3433_s_4_neu,neu
3434_s_4_neu,neu
3435_s_4_neu,neu
3436_s_4_neu,neu
3437_s_4_neu,neu
3438_s_4_neu,neu
3439_s_4_neu,neu
343_s_1_sad,sad
3440_s_4_neu,neu
3441_s_4_neu,neu
3443_s_4_ang,ang
3444_s_4_ang,ang
3445_s_4_ang,ang
3446_s_4_ang,ang
3447_s_4_ang,ang
3448_s_4_ang,ang
3449_s_4_ang,ang
344_s_1_neu,neu
3450_s_4_ang,ang
3451_s_4_ang,ang
3452_s_4_ang,ang
3453_s_4_ang,ang
3454_s_4_ang,ang
3455_s_4_ang,ang
3456_s_4_ang,ang
3457_s_4_sad,sad
3458_s_4_sad,sad
345_s_1_neu,neu
3460_s_4_sad,sad
3461_s_4_sad,sad
3462_s_4_sad,sad
3463_s_4_sad,sad
3464_s_4_sad,sad
3465_s_4_hap,hap
3466_s_4_hap,hap
3467_s_4_sad,sad
3468_s_4_sad,sad
3469_s_4_sad,sad
346_s_1_neu,neu
3470_s_4_sad,sad
3471_s_4_sad,sad
3472_s_4_neu,neu
3473_s_4_sad,sad
3474_s_4_neu,neu
3476_s_4_sad,sad
3477_s_4_sad,sad
3478_s_4_sad,sad
3479_s_4_sad,sad
347_s_1_exc,exc
3480_s_4_neu,neu
3481_s_4_sad,sad
3482_s_4_sad,sad
3483_s_4_exc,exc
3484_s_4_exc,exc
3485_s_4_exc,exc
3486_s_4_exc,exc
3487_s_4_exc,exc
3488_s_4_exc,exc
3489_s_4_exc,exc
348_s_1_neu,neu
3490_s_4_exc,exc
3266_s_4_ang,ang
3282_s_4_sad,sad
3299_s_4_ang,ang
3314_s_4_ang,ang
3330_s_4_ang,ang
3347_s_4_exc,exc
3362_s_4_exc,exc
3378_s_4_exc,exc
3393_s_4_neu,neu
340_s_1_ang,ang
3426_s_4_neu,neu
3442_s_4_ang,ang
3459_s_4_sad,sad
3475_s_4_neu,neu
3491_s_4_exc,exc
3492_s_4_exc,exc
3493_s_4_exc,exc
3494_s_4_exc,exc
3495_s_4_exc,exc
3496_s_4_exc,exc
3497_s_4_exc,exc
3498_s_4_exc,exc
3499_s_4_exc,exc
349_s_1_neu,neu
34_s_1_sad,sad
3500_s_4_exc,exc
3501_s_4_exc,exc
3502_s_4_exc,exc
3503_s_4_exc,exc
3504_s_4_exc,exc
3505_s_4_exc,exc
3506_s_4_exc,exc
3508_s_4_exc,exc
3509_s_4_exc,exc
350_s_1_neu,neu
3510_s_4_exc,exc
3511_s_4_exc,exc
3512_s_4_exc,exc
3513_s_4_exc,exc
3514_s_4_exc,exc
3515_s_4_exc,exc
3516_s_4_exc,exc
3517_s_4_exc,exc
3518_s_4_exc,exc
3519_s_4_exc,exc
351_s_1_neu,neu
3520_s_4_exc,exc
3521_s_4_exc,exc
3523_s_4_exc,exc
3524_s_4_exc,exc
3525_s_4_exc,exc
3526_s_4_exc,exc
3527_s_4_exc,exc
3528_s_4_exc,exc
3529_s_4_exc,exc
352_s_1_neu,neu
3530_s_4_exc,exc
3531_s_4_exc,exc
3532_s_4_exc,exc
3533_s_4_exc,exc
3534_s_4_exc,exc
3535_s_4_exc,exc
3536_s_4_exc,exc
3537_s_4_exc,exc
3539_s_4_neu,neu
353_s_1_neu,neu
3540_s_4_exc,exc
3541_s_4_exc,exc
3542_s_4_exc,exc
3543_s_4_neu,neu
3544_s_4_neu,neu
3545_s_4_neu,neu
3546_s_4_neu,neu
3547_s_4_neu,neu
3548_s_4_neu,neu
3549_s_4_neu,neu
354_s_1_neu,neu
3550_s_4_neu,neu
3551_s_4_neu,neu
3552_s_4_neu,neu
3554_s_4_exc,exc
3555_s_4_neu,neu
3556_s_4_neu,neu
3557_s_4_neu,neu
3558_s_4_exc,exc
3559_s_4_neu,neu
355_s_1_neu,neu
3560_s_4_exc,exc
3561_s_4_exc,exc
3562_s_4_exc,exc
3563_s_4_exc,exc
3564_s_4_exc,exc
3565_s_4_exc,exc
3566_s_4_exc,exc
3567_s_4_exc,exc
3568_s_4_neu,neu
3569_s_4_exc,exc
356_s_1_exc,exc
3570_s_4_exc,exc
3571_s_4_exc,exc
3572_s_4_exc,exc
3573_s_4_neu,neu
3574_s_4_neu,neu
3575_s_4_neu,neu
3576_s_4_neu,neu
3577_s_4_neu,neu
3578_s_4_neu,neu
3579_s_4_neu,neu
3597_s_4_neu,neu
3598_s_4_neu,neu
3599_s_4_neu,neu
359_s_1_neu,neu
35_s_1_sad,sad
3600_s_4_neu,neu
3601_s_4_ang,ang
3602_s_4_neu,neu
3603_s_4_neu,neu
3604_s_4_ang,ang
3605_s_4_ang,ang
3606_s_4_ang,ang
3607_s_4_ang,ang
3608_s_4_ang,ang
3609_s_4_ang,ang
360_s_1_neu,neu
3610_s_4_ang,ang
3612_s_4_ang,ang
3613_s_4_ang,ang
3614_s_4_ang,ang
3615_s_4_ang,ang
3616_s_4_ang,ang
3617_s_4_ang,ang
3618_s_4_ang,ang
3619_s_4_ang,ang
361_s_1_neu,neu
3620_s_4_ang,ang
3621_s_4_ang,ang
3622_s_4_ang,ang
3623_s_4_neu,neu
3624_s_4_neu,neu
3625_s_4_neu,neu
3626_s_4_neu,neu
3627_s_4_neu,neu
3629_s_4_hap,hap
362_s_1_neu,neu
3630_s_4_hap,hap
3631_s_4_hap,hap
3632_s_4_hap,hap
3633_s_4_hap,hap
3634_s_4_hap,hap
3635_s_4_neu,neu
3636_s_4_sad,sad
3637_s_4_hap,hap
3638_s_4_ang,ang
3639_s_4_neu,neu
363_s_1_neu,neu
3640_s_4_hap,hap
3641_s_4_hap,hap
3642_s_4_hap,hap
3643_s_4_neu,neu
3645_s_4_hap,hap
3646_s_4_hap,hap
3647_s_4_sad,sad
3648_s_4_sad,sad
3649_s_4_sad,sad
364_s_1_neu,neu
3650_s_4_sad,sad
3651_s_4_sad,sad
3652_s_4_sad,sad
3653_s_4_sad,sad
3654_s_4_sad,sad
3655_s_4_sad,sad
3656_s_4_sad,sad
3657_s_4_sad,sad
3658_s_4_sad,sad
3659_s_4_sad,sad
365_s_1_neu,neu
3661_s_4_sad,sad
3662_s_4_sad,sad
3663_s_4_sad,sad
3664_s_4_sad,sad
3665_s_4_sad,sad
3666_s_4_hap,hap
3667_s_4_neu,neu
3668_s_4_ang,ang
3669_s_4_ang,ang
366_s_1_neu,neu
3670_s_4_ang,ang
3671_s_4_ang,ang
3672_s_4_ang,ang
3673_s_4_ang,ang
3674_s_4_ang,ang
3675_s_4_ang,ang
3676_s_4_ang,ang
3678_s_4_hap,hap
3679_s_4_exc,exc
367_s_1_neu,neu
3680_s_4_exc,exc
3681_s_4_neu,neu
3682_s_4_hap,hap
3683_s_4_neu,neu
3684_s_4_exc,exc
3685_s_4_exc,exc
3686_s_4_exc,exc
3687_s_4_ang,ang
3688_s_4_exc,exc
3689_s_4_exc,exc
368_s_1_exc,exc
3690_s_4_exc,exc
3691_s_4_exc,exc
3693_s_4_exc,exc
3694_s_4_exc,exc
3695_s_4_exc,exc
3696_s_4_exc,exc
3697_s_4_ang,ang
3698_s_4_ang,ang
3699_s_4_ang,ang
369_s_1_hap,hap
36_s_1_neu,neu
3700_s_4_ang,ang
3701_s_4_neu,neu
3702_s_4_ang,ang
3703_s_4_ang,ang
3704_s_4_ang,ang
3705_s_4_ang,ang
3706_s_4_sad,sad
3708_s_4_sad,sad
3709_s_4_sad,sad
370_s_1_exc,exc
3710_s_4_sad,sad
3711_s_4_sad,sad
3712_s_4_neu,neu
3713_s_4_sad,sad
3714_s_4_ang,ang
3715_s_4_ang,ang
3716_s_4_ang,ang
3717_s_4_sad,sad
3718_s_4_sad,sad
3719_s_4_hap,hap
371_s_1_exc,exc
3720_s_4_hap,hap
3721_s_4_hap,hap
3723_s_4_neu,neu
3724_s_4_neu,neu
3725_s_4_neu,neu
3726_s_4_exc,exc
3727_s_4_neu,neu
3728_s_4_sad,sad
3729_s_4_sad,sad
372_s_1_hap,hap
3730_s_4_neu,neu
3731_s_4_neu,neu
3732_s_4_exc,exc
3733_s_4_neu,neu
3734_s_4_exc,exc
3735_s_4_exc,exc
3736_s_4_exc,exc
3737_s_4_exc,exc
3738_s_4_exc,exc
3739_s_4_neu,neu
3757_s_4_neu,neu
3758_s_4_neu,neu
3759_s_4_neu,neu
375_s_1_neu,neu
3760_s_4_ang,ang
3761_s_4_ang,ang
3762_s_4_ang,ang
3763_s_4_ang,ang
3764_s_4_ang,ang
3765_s_4_ang,ang
3766_s_4_ang,ang
3767_s_4_ang,ang
3768_s_4_ang,ang
3769_s_4_ang,ang
376_s_1_ang,ang
3770_s_4_ang,ang
3771_s_4_ang,ang
3773_s_4_ang,ang
3774_s_4_ang,ang
3775_s_4_ang,ang
3776_s_4_ang,ang
3777_s_4_ang,ang
3778_s_4_ang,ang
3779_s_4_ang,ang
377_s_1_ang,ang
3780_s_4_ang,ang
3781_s_4_ang,ang
3782_s_4_ang,ang
3783_s_4_ang,ang
3784_s_4_ang,ang
3785_s_4_ang,ang
3786_s_4_ang,ang
3787_s_4_ang,ang
3788_s_4_neu,neu
3522_s_4_exc,exc
3538_s_4_exc,exc
3553_s_4_neu,neu
357_s_1_neu,neu
3596_s_4_neu,neu
3611_s_4_ang,ang
3628_s_4_ang,ang
3644_s_4_hap,hap
3660_s_4_sad,sad
3677_s_4_ang,ang
3692_s_4_exc,exc
3707_s_4_sad,sad
3722_s_4_hap,hap
373_s_1_hap,hap
3756_s_4_neu,neu
3772_s_4_ang,ang
3789_s_4_ang,ang
3804_s_4_ang,ang
3820_s_4_neu,neu
3837_s_4_exc,exc
3852_s_4_exc,exc
3868_s_4_neu,neu
3883_s_4_neu,neu
378_s_1_ang,ang
3790_s_4_ang,ang
3791_s_4_ang,ang
3792_s_4_ang,ang
3793_s_4_ang,ang
3794_s_4_ang,ang
3795_s_4_neu,neu
3796_s_4_ang,ang
3797_s_4_ang,ang
3798_s_4_ang,ang
3799_s_4_neu,neu
379_s_1_ang,ang
37_s_1_sad,sad
3800_s_4_ang,ang
3801_s_4_ang,ang
3802_s_4_ang,ang
3803_s_4_ang,ang
3805_s_4_ang,ang
3806_s_4_ang,ang
3807_s_4_ang,ang
3808_s_4_ang,ang
3809_s_4_ang,ang
380_s_1_sad,sad
3810_s_4_ang,ang
3811_s_4_ang,ang
3812_s_4_neu,neu
3813_s_4_neu,neu
3814_s_4_neu,neu
3815_s_4_neu,neu
3816_s_4_ang,ang
3817_s_4_ang,ang
3818_s_4_ang,ang
3819_s_4_neu,neu
381_s_1_ang,ang
3821_s_4_ang,ang
3822_s_4_ang,ang
3823_s_4_sad,sad
3824_s_4_sad,sad
3825_s_4_ang,ang
3826_s_4_sad,sad
3827_s_4_neu,neu
3828_s_4_exc,exc
3829_s_4_exc,exc
382_s_1_neu,neu
3830_s_4_exc,exc
3831_s_4_exc,exc
3832_s_4_exc,exc
3833_s_4_exc,exc
3834_s_4_exc,exc
3835_s_4_exc,exc
3836_s_4_exc,exc
3838_s_4_exc,exc
3839_s_4_exc,exc
383_s_1_hap,hap
3840_s_4_exc,exc
3841_s_4_exc,exc
3842_s_4_exc,exc
3843_s_4_hap,hap
3844_s_4_exc,exc
3845_s_4_exc,exc
3846_s_4_hap,hap
3847_s_4_hap,hap
3848_s_4_hap,hap
3849_s_4_hap,hap
384_s_1_sad,sad
3850_s_4_hap,hap
3851_s_4_exc,exc
3853_s_4_exc,exc
3854_s_4_exc,exc
3855_s_4_hap,hap
3856_s_4_hap,hap
3857_s_4_hap,hap
3858_s_4_exc,exc
3859_s_4_hap,hap
385_s_1_neu,neu
3860_s_4_hap,hap
3861_s_4_hap,hap
3862_s_4_hap,hap
3863_s_4_hap,hap
3864_s_4_hap,hap
3865_s_4_neu,neu
3866_s_4_neu,neu
3867_s_4_neu,neu
3869_s_4_neu,neu
386_s_1_neu,neu
3870_s_4_neu,neu
3871_s_4_neu,neu
3872_s_4_neu,neu
3873_s_4_neu,neu
3874_s_4_neu,neu
3875_s_4_neu,neu
3876_s_4_neu,neu
3877_s_4_neu,neu
3878_s_4_neu,neu
3879_s_4_neu,neu
387_s_1_sad,sad
3880_s_4_neu,neu
3881_s_4_neu,neu
3882_s_4_neu,neu
3884_s_4_neu,neu
3885_s_4_neu,neu
3886_s_4_neu,neu
3887_s_4_neu,neu
3888_s_4_neu,neu
3889_s_4_neu,neu
388_s_1_sad,sad
3890_s_4_neu,neu
3891_s_4_neu,neu
3892_s_4_neu,neu
3893_s_4_neu,neu
3894_s_4_neu,neu
3895_s_4_neu,neu
3896_s_4_neu,neu
3897_s_4_neu,neu
3898_s_4_neu,neu
3899_s_4_neu,neu
389_s_1_sad,sad
4040_s_4_ang,ang
4041_s_4_neu,neu
4042_s_4_ang,ang
4043_s_4_ang,ang
4044_s_4_neu,neu
4045_s_4_neu,neu
4046_s_4_ang,ang
4047_s_4_neu,neu
4048_s_4_neu,neu
4049_s_4_ang,ang
404_s_1_neu,neu
4050_s_4_ang,ang
4051_s_4_ang,ang
4052_s_4_ang,ang
4053_s_4_ang,ang
4054_s_4_ang,ang
4055_s_4_ang,ang
3917_s_4_sad,sad
3918_s_4_sad,sad
3919_s_4_sad,sad
391_s_1_neu,neu
3920_s_4_sad,sad
3921_s_4_sad,sad
3922_s_4_sad,sad
3923_s_4_sad,sad
3924_s_4_sad,sad
3925_s_4_sad,sad
3926_s_4_sad,sad
3927_s_4_sad,sad
3928_s_4_sad,sad
3929_s_4_sad,sad
392_s_1_hap,hap
3930_s_4_sad,sad
3931_s_4_sad,sad
3933_s_4_sad,sad
3934_s_4_sad,sad
3935_s_4_sad,sad
3936_s_4_sad,sad
3937_s_4_sad,sad
3938_s_4_sad,sad
3939_s_4_sad,sad
393_s_1_hap,hap
3940_s_4_sad,sad
3941_s_4_sad,sad
3942_s_4_sad,sad
3943_s_4_sad,sad
3944_s_4_sad,sad
3945_s_4_sad,sad
3946_s_4_sad,sad
3947_s_4_sad,sad
3948_s_4_sad,sad
394_s_1_hap,hap
3950_s_4_sad,sad
3951_s_4_sad,sad
3952_s_4_sad,sad
3953_s_4_sad,sad
3954_s_4_sad,sad
3956_s_4_exc,exc
3957_s_4_exc,exc
3958_s_4_exc,exc
3959_s_4_exc,exc
395_s_1_hap,hap
3960_s_4_exc,exc
3961_s_4_exc,exc
3962_s_4_exc,exc
3963_s_4_exc,exc
3964_s_4_hap,hap
3965_s_4_exc,exc
3967_s_4_exc,exc
3968_s_4_exc,exc
3969_s_4_exc,exc
396_s_1_sad,sad
3970_s_4_exc,exc
3971_s_4_exc,exc
3972_s_4_exc,exc
3973_s_4_neu,neu
3974_s_4_neu,neu
3975_s_4_exc,exc
3976_s_4_neu,neu
3977_s_4_neu,neu
3978_s_4_exc,exc
3979_s_4_exc,exc
397_s_1_neu,neu
3980_s_4_exc,exc
3981_s_4_exc,exc
3983_s_4_hap,hap
3984_s_4_hap,hap
3985_s_4_hap,hap
3986_s_4_hap,hap
3987_s_4_hap,hap
3988_s_4_hap,hap
3989_s_4_hap,hap
398_s_1_exc,exc
3990_s_4_exc,exc
3991_s_4_exc,exc
3992_s_4_exc,exc
3993_s_4_exc,exc
3994_s_4_neu,neu
3995_s_4_neu,neu
3996_s_4_neu,neu
3997_s_4_neu,neu
3999_s_4_neu,neu
399_s_1_exc,exc
39_s_1_sad,sad
3_s_1_ang,ang
4000_s_4_neu,neu
4001_s_4_neu,neu
4002_s_4_neu,neu
4003_s_4_neu,neu
4004_s_4_neu,neu
4005_s_4_neu,neu
4006_s_4_neu,neu
4007_s_4_hap,hap
4008_s_4_hap,hap
4009_s_4_hap,hap
400_s_1_neu,neu
4010_s_4_neu,neu
4012_s_4_neu,neu
4013_s_4_neu,neu
4014_s_4_neu,neu
4015_s_4_neu,neu
4016_s_4_neu,neu
4017_s_4_neu,neu
4018_s_4_neu,neu
4019_s_4_neu,neu
401_s_1_neu,neu
4020_s_4_neu,neu
4021_s_4_neu,neu
4022_s_4_neu,neu
4023_s_4_neu,neu
4024_s_4_neu,neu
4025_s_4_neu,neu
4026_s_4_neu,neu
4027_s_4_neu,neu
4028_s_4_neu,neu
4029_s_4_neu,neu
402_s_1_neu,neu
4030_s_4_neu,neu
4031_s_4_neu,neu
4032_s_4_neu,neu
4033_s_4_neu,neu
4034_s_4_sad,sad
4035_s_4_ang,ang
4036_s_4_ang,ang
4037_s_4_ang,ang
4038_s_4_neu,neu
4039_s_4_neu,neu
4057_s_4_neu,neu
4058_s_4_ang,ang
4059_s_4_ang,ang
405_s_1_neu,neu
4060_s_4_neu,neu
4061_s_4_ang,ang
4062_s_4_ang,ang
4063_s_4_neu,neu
4064_s_4_neu,neu
4065_s_4_neu,neu
4066_s_4_sad,sad
4067_s_4_ang,ang
4068_s_4_ang,ang
4069_s_4_neu,neu
406_s_1_neu,neu
4070_s_4_neu,neu
4071_s_4_ang,ang
4073_s_4_ang,ang
4074_s_4_ang,ang
4075_s_4_ang,ang
4076_s_4_ang,ang
4077_s_4_ang,ang
4078_s_4_neu,neu
4079_s_4_ang,ang
407_s_1_neu,neu
4080_s_4_ang,ang
4081_s_4_ang,ang
4082_s_4_ang,ang
4083_s_4_ang,ang
4084_s_4_ang,ang
4085_s_4_ang,ang
4086_s_4_ang,ang
4087_s_4_ang,ang
4088_s_4_ang,ang
408_s_1_hap,hap
4090_s_4_neu,neu
4091_s_4_neu,neu
4092_s_4_neu,neu
4093_s_4_neu,neu
4094_s_4_ang,ang
4095_s_4_hap,hap
4096_s_4_hap,hap
4097_s_4_hap,hap
4098_s_4_sad,sad
4099_s_4_sad,sad
409_s_1_hap,hap
40_s_1_sad,sad
4100_s_4_hap,hap
4101_s_4_sad,sad
4102_s_4_sad,sad
4103_s_4_sad,sad
4105_s_4_sad,sad
4106_s_4_sad,sad
4107_s_4_sad,sad
4108_s_4_sad,sad
4109_s_4_sad,sad
410_s_1_neu,neu
4110_s_4_sad,sad
4111_s_4_sad,sad
4112_s_4_sad,sad
4113_s_4_sad,sad
4114_s_4_hap,hap
4115_s_4_neu,neu
4116_s_4_ang,ang
4117_s_4_ang,ang
4118_s_4_ang,ang
4119_s_4_ang,ang
411_s_1_sad,sad
4121_s_4_ang,ang
4122_s_4_ang,ang
4123_s_4_ang,ang
4124_s_4_ang,ang
4125_s_4_neu,neu
4126_s_4_ang,ang
4127_s_4_ang,ang
4128_s_4_exc,exc
4129_s_4_exc,exc
412_s_1_sad,sad
4130_s_4_exc,exc
4131_s_4_neu,neu
4132_s_4_exc,exc
4133_s_4_neu,neu
4134_s_4_neu,neu
4135_s_4_neu,neu
4136_s_4_neu,neu
4138_s_4_exc,exc
4139_s_4_exc,exc
413_s_1_neu,neu
4140_s_4_exc,exc
4141_s_4_exc,exc
4142_s_4_exc,exc
4143_s_4_exc,exc
4144_s_4_exc,exc
4145_s_4_exc,exc
4146_s_4_exc,exc
4147_s_4_exc,exc
4148_s_4_neu,neu
4149_s_4_ang,ang
414_s_1_neu,neu
4150_s_4_ang,ang
4151_s_4_ang,ang
4153_s_4_sad,sad
4154_s_4_sad,sad
4155_s_4_sad,sad
4156_s_4_sad,sad
4157_s_4_sad,sad
4158_s_4_ang,ang
4159_s_4_ang,ang
415_s_1_neu,neu
4160_s_4_ang,ang
4161_s_4_ang,ang
4162_s_4_ang,ang
4163_s_4_sad,sad
4164_s_4_hap,hap
4165_s_4_hap,hap
4166_s_4_neu,neu
4167_s_4_neu,neu
4169_s_4_ang,ang
416_s_1_hap,hap
4170_s_4_neu,neu
4171_s_4_neu,neu
4172_s_4_ang,ang
4173_s_4_ang,ang
4174_s_4_ang,ang
4175_s_4_sad,sad
4176_s_4_hap,hap
4177_s_4_hap,hap
4178_s_4_hap,hap
4179_s_4_exc,exc
417_s_1_hap,hap
4180_s_4_exc,exc
4181_s_4_exc,exc
4182_s_4_exc,exc
4184_s_4_exc,exc
4185_s_4_neu,neu
4186_s_4_exc,exc
4187_s_4_exc,exc
4188_s_4_exc,exc
4189_s_4_exc,exc
418_s_1_neu,neu
4190_s_4_exc,exc
4191_s_4_exc,exc
4192_s_4_exc,exc
4193_s_4_exc,exc
4194_s_4_exc,exc
4195_s_4_exc,exc
4196_s_4_exc,exc
4197_s_4_exc,exc
4198_s_4_exc,exc
4199_s_4_exc,exc
419_s_1_neu,neu
4216_s_4_hap,hap
4232_s_4_ang,ang
4249_s_4_ang,ang
4265_s_4_neu,neu
4281_s_4_ang,ang
436_s_1_hap,hap
452_s_1_ang,ang
469_s_1_neu,neu
485_s_1_neu,neu
500_s_1_ang,ang
517_s_1_neu,neu
533_s_1_neu,neu
54_s_1_hap,hap
566_s_1_exc,exc
58_s_1_hap,hap
605_s_1_neu,neu
621_s_1_neu,neu
638_s_1_neu,neu
654_s_1_neu,neu
670_s_1_ang,ang
4217_s_4_exc,exc
4218_s_4_hap,hap
4219_s_4_neu,neu
421_s_1_hap,hap
4220_s_4_ang,ang
4221_s_4_ang,ang
4222_s_4_ang,ang
4223_s_4_ang,ang
4224_s_4_ang,ang
4225_s_4_ang,ang
4226_s_4_neu,neu
4227_s_4_ang,ang
4228_s_4_ang,ang
4229_s_4_ang,ang
422_s_1_exc,exc
4230_s_4_ang,ang
4231_s_4_ang,ang
4233_s_4_ang,ang
4234_s_4_ang,ang
4235_s_4_ang,ang
4236_s_4_ang,ang
4237_s_4_ang,ang
4238_s_4_ang,ang
4239_s_4_ang,ang
423_s_1_exc,exc
4240_s_4_ang,ang
4241_s_4_ang,ang
4242_s_4_neu,neu
4243_s_4_ang,ang
4244_s_4_ang,ang
4245_s_4_ang,ang
4246_s_4_ang,ang
4247_s_4_ang,ang
4248_s_4_ang,ang
424_s_1_hap,hap
4250_s_4_ang,ang
4251_s_4_ang,ang
4252_s_4_neu,neu
4253_s_4_ang,ang
4254_s_4_neu,neu
4255_s_4_ang,ang
4256_s_4_ang,ang
4257_s_4_ang,ang
4258_s_4_ang,ang
4259_s_4_ang,ang
425_s_1_hap,hap
4260_s_4_ang,ang
4261_s_4_ang,ang
4262_s_4_ang,ang
4263_s_4_ang,ang
4264_s_4_ang,ang
4266_s_4_ang,ang
4267_s_4_neu,neu
4268_s_4_ang,ang
4269_s_4_ang,ang
426_s_1_exc,exc
4270_s_4_ang,ang
4271_s_4_ang,ang
4272_s_4_ang,ang
4273_s_4_ang,ang
4274_s_4_ang,ang
4275_s_4_ang,ang
4276_s_4_ang,ang
4277_s_4_ang,ang
4278_s_4_ang,ang
4279_s_4_ang,ang
427_s_1_hap,hap
4280_s_4_ang,ang
4282_s_4_ang,ang
4283_s_4_ang,ang
4284_s_4_ang,ang
4285_s_4_ang,ang
4286_s_4_ang,ang
4287_s_4_ang,ang
4288_s_4_ang,ang
4289_s_4_ang,ang
428_s_1_hap,hap
429_s_1_hap,hap
42_s_1_sad,sad
430_s_1_exc,exc
431_s_1_hap,hap
432_s_1_hap,hap
433_s_1_exc,exc
434_s_1_hap,hap
435_s_1_hap,hap
