FileName,text,audio
03bSnISJMiM_1,10,333
03bSnISJMiM_10,7,152
03bSnISJMiM_11,9,214
03bSnISJMiM_12,9,270
03bSnISJMiM_13,9,165
03bSnISJMiM_2,25,1036
03bSnISJMiM_3,13,198
03bSnISJMiM_4,9,224
03bSnISJMiM_5,10,77
03bSnISJMiM_6,11,189
03bSnISJMiM_7,15,491
03bSnISJMiM_8,17,1120
03bSnISJMiM_9,10,374
0h-zjBukYpk_1,13,240
0h-zjBukYpk_10,9,263
0h-zjBukYpk_11,10,184
0h-zjBukYpk_12,5,93
0h-zjBukYpk_13,6,154
0h-zjBukYpk_14,28,748
0h-zjBukYpk_15,10,140
0h-zjBukYpk_16,17,374
0h-zjBukYpk_17,15,507
0h-zjBukYpk_18,19,574
0h-zjBukYpk_19,8,330
0h-zjBukYpk_2,33,1224
0h-zjBukYpk_20,20,644
0h-zjBukYpk_21,9,110
0h-zjBukYpk_22,16,309
0h-zjBukYpk_23,13,305
0h-zjBukYpk_24,9,131
0h-zjBukYpk_25,52,1206
0h-zjBukYpk_3,10,272
0h-zjBukYpk_4,12,565
0h-zjBukYpk_5,22,967
0h-zjBukYpk_6,22,848
0h-zjBukYpk_7,22,446
0h-zjBukYpk_8,12,363
0h-zjBukYpk_9,8,219
1DmNV9C1hbY_1,13,423
1DmNV9C1hbY_10,9,124
1DmNV9C1hbY_11,12,289
1DmNV9C1hbY_12,17,321
1DmNV9C1hbY_13,8,217
1DmNV9C1hbY_14,9,145
1DmNV9C1hbY_2,18,426
1DmNV9C1hbY_3,12,265
1DmNV9C1hbY_4,22,709
1DmNV9C1hbY_5,13,326
1DmNV9C1hbY_6,20,523
1DmNV9C1hbY_7,17,514
1DmNV9C1hbY_8,7,128
1DmNV9C1hbY_9,11,237
1iG0909rllw_1,9,149
1iG0909rllw_10,12,367
1iG0909rllw_11,14,307
1iG0909rllw_12,11,159
1iG0909rllw_13,9,198
1iG0909rllw_14,18,809
1iG0909rllw_15,14,293
1iG0909rllw_16,27,881
1iG0909rllw_17,17,495
1iG0909rllw_18,20,653
1iG0909rllw_19,22,574
1iG0909rllw_2,13,186
1iG0909rllw_20,22,971
1iG0909rllw_21,37,1217
1iG0909rllw_22,41,902
1iG0909rllw_23,14,258
1iG0909rllw_24,11,203
1iG0909rllw_25,13,284
1iG0909rllw_26,34,753
1iG0909rllw_27,20,590
1iG0909rllw_28,18,433
1iG0909rllw_29,18,414
1iG0909rllw_3,18,363
1iG0909rllw_30,8,170
1iG0909rllw_4,11,388
1iG0909rllw_5,13,230
1iG0909rllw_6,8,138
1iG0909rllw_7,34,713
1iG0909rllw_8,9,189
1iG0909rllw_9,22,502
2WGyTLYerpo_1,13,212
2WGyTLYerpo_10,6,142
2WGyTLYerpo_11,12,314
2WGyTLYerpo_12,12,175
2WGyTLYerpo_13,18,416
2WGyTLYerpo_14,8,131
2WGyTLYerpo_15,9,131
2WGyTLYerpo_16,9,228
2WGyTLYerpo_17,8,237
2WGyTLYerpo_18,8,128
2WGyTLYerpo_19,24,481
2WGyTLYerpo_2,9,70
2WGyTLYerpo_20,7,105
2WGyTLYerpo_21,7,96
2WGyTLYerpo_22,10,189
2WGyTLYerpo_23,7,124
2WGyTLYerpo_24,41,1092
2WGyTLYerpo_25,8,91
2WGyTLYerpo_26,12,291
2WGyTLYerpo_27,11,161
2WGyTLYerpo_28,13,240
2WGyTLYerpo_29,17,284
2WGyTLYerpo_3,26,498
2WGyTLYerpo_30,12,156
2WGyTLYerpo_31,14,249
2WGyTLYerpo_32,9,119
2WGyTLYerpo_33,8,142
2WGyTLYerpo_34,9,175
2WGyTLYerpo_35,10,210
2WGyTLYerpo_36,10,210
2WGyTLYerpo_37,10,182
2WGyTLYerpo_38,21,581
2WGyTLYerpo_39,15,221
2WGyTLYerpo_4,18,674
2WGyTLYerpo_40,9,184
2WGyTLYerpo_41,12,296
2WGyTLYerpo_42,9,186
2WGyTLYerpo_43,16,379
2WGyTLYerpo_44,6,5244
2WGyTLYerpo_45,11,182
2WGyTLYerpo_46,8,124
2WGyTLYerpo_47,8,149
2WGyTLYerpo_48,8,98
2WGyTLYerpo_49,12,221
2WGyTLYerpo_5,19,365
2WGyTLYerpo_50,9,279
2WGyTLYerpo_51,18,407
2WGyTLYerpo_52,11,165
2WGyTLYerpo_53,11,135
2WGyTLYerpo_54,12,247
2WGyTLYerpo_55,16,525
2WGyTLYerpo_56,24,470
2WGyTLYerpo_57,16,453
2WGyTLYerpo_58,14,416
2WGyTLYerpo_59,11,184
2WGyTLYerpo_6,12,226
2WGyTLYerpo_60,13,168
2WGyTLYerpo_61,7,98
2WGyTLYerpo_62,7,140
2WGyTLYerpo_63,14,291
2WGyTLYerpo_7,8,145
2WGyTLYerpo_8,11,254
2WGyTLYerpo_9,25,720
2iD-tVS8NPw_1,30,623
2iD-tVS8NPw_10,11,305
2iD-tVS8NPw_11,11,251
2iD-tVS8NPw_12,11,135
2iD-tVS8NPw_13,29,709
2iD-tVS8NPw_14,32,753
2iD-tVS8NPw_15,9,163
2iD-tVS8NPw_16,17,316
2iD-tVS8NPw_17,21,495
2iD-tVS8NPw_18,14,184
2iD-tVS8NPw_19,13,247
2iD-tVS8NPw_2,19,361
2iD-tVS8NPw_20,45,1398
2iD-tVS8NPw_21,37,1036
2iD-tVS8NPw_22,23,709
2iD-tVS8NPw_23,11,316
2iD-tVS8NPw_24,28,583
2iD-tVS8NPw_25,23,595
2iD-tVS8NPw_26,44,1101
2iD-tVS8NPw_27,36,1208
2iD-tVS8NPw_28,19,340
2iD-tVS8NPw_29,13,163
2iD-tVS8NPw_3,12,228
2iD-tVS8NPw_30,22,465
2iD-tVS8NPw_4,19,539
2iD-tVS8NPw_5,15,170
2iD-tVS8NPw_6,12,191
2iD-tVS8NPw_7,38,885
2iD-tVS8NPw_8,7,126
2iD-tVS8NPw_9,13,196
5W7Z1C_fDaE_1,21,481
5W7Z1C_fDaE_10,15,319
5W7Z1C_fDaE_11,8,226
5W7Z1C_fDaE_12,22,347
5W7Z1C_fDaE_13,7,163
5W7Z1C_fDaE_14,22,335
5W7Z1C_fDaE_15,12,165
5W7Z1C_fDaE_16,8,221
5W7Z1C_fDaE_17,23,419
5W7Z1C_fDaE_18,11,210
5W7Z1C_fDaE_19,13,258
5W7Z1C_fDaE_2,16,388
5W7Z1C_fDaE_20,9,212
5W7Z1C_fDaE_21,21,486
5W7Z1C_fDaE_22,27,702
5W7Z1C_fDaE_23,22,560
5W7Z1C_fDaE_24,10,574
5W7Z1C_fDaE_3,5,98
5W7Z1C_fDaE_4,5,70
5W7Z1C_fDaE_5,9,191
5W7Z1C_fDaE_6,8,138
5W7Z1C_fDaE_7,25,683
5W7Z1C_fDaE_8,7,107
5W7Z1C_fDaE_9,13,249
6Egk_28TtTM_1,15,518
6Egk_28TtTM_10,18,644
6Egk_28TtTM_11,28,1196
6Egk_28TtTM_12,12,354
6Egk_28TtTM_2,23,792
6Egk_28TtTM_3,22,1059
6Egk_28TtTM_4,8,323
6Egk_28TtTM_5,20,816
6Egk_28TtTM_6,14,551
6Egk_28TtTM_7,9,340
6Egk_28TtTM_8,21,846
6Egk_28TtTM_9,22,830
6_0THN4chvY_1,33,621
6_0THN4chvY_10,20,393
6_0THN4chvY_11,16,189
6_0THN4chvY_12,23,588
6_0THN4chvY_13,7,112
6_0THN4chvY_14,8,228
6_0THN4chvY_2,35,885
6_0THN4chvY_3,15,435
6_0THN4chvY_4,9,142
6_0THN4chvY_5,8,184
6_0THN4chvY_6,8,284
6_0THN4chvY_7,11,370
6_0THN4chvY_8,21,525
6_0THN4chvY_9,15,444
73jzhE8R1TQ_1,24,628
73jzhE8R1TQ_10,20,739
73jzhE8R1TQ_11,13,374
73jzhE8R1TQ_12,29,857
73jzhE8R1TQ_13,31,1099
73jzhE8R1TQ_14,26,641
73jzhE8R1TQ_15,32,862
73jzhE8R1TQ_16,13,356
73jzhE8R1TQ_17,12,302
73jzhE8R1TQ_18,30,751
73jzhE8R1TQ_19,15,669
73jzhE8R1TQ_2,20,539
73jzhE8R1TQ_3,15,463
73jzhE8R1TQ_4,8,82
73jzhE8R1TQ_5,12,356
73jzhE8R1TQ_6,14,365
73jzhE8R1TQ_7,9,193
73jzhE8R1TQ_8,17,395
73jzhE8R1TQ_9,16,518
7JsX8y1ysxY_1,8,191
7JsX8y1ysxY_10,6,56
7JsX8y1ysxY_11,7,105
7JsX8y1ysxY_12,15,523
7JsX8y1ysxY_13,10,147
7JsX8y1ysxY_14,24,885
7JsX8y1ysxY_15,16,470
7JsX8y1ysxY_16,6,121
7JsX8y1ysxY_17,8,145
7JsX8y1ysxY_18,9,172
7JsX8y1ysxY_19,14,309
7JsX8y1ysxY_2,8,233
7JsX8y1ysxY_20,10,175
7JsX8y1ysxY_21,21,597
7JsX8y1ysxY_22,8,138
7JsX8y1ysxY_23,9,154
7JsX8y1ysxY_24,7,168
7JsX8y1ysxY_25,7,142
7JsX8y1ysxY_26,20,319
7JsX8y1ysxY_27,10,105
7JsX8y1ysxY_28,5,105
7JsX8y1ysxY_29,11,205
7JsX8y1ysxY_3,9,210
7JsX8y1ysxY_30,13,200
7JsX8y1ysxY_31,7,163
7JsX8y1ysxY_32,16,470
7JsX8y1ysxY_33,8,212
7JsX8y1ysxY_34,8,237
7JsX8y1ysxY_35,12,233
7JsX8y1ysxY_36,29,623
7JsX8y1ysxY_37,13,302
7JsX8y1ysxY_38,26,614
7JsX8y1ysxY_39,11,177
7JsX8y1ysxY_4,9,119
7JsX8y1ysxY_5,43,1526
7JsX8y1ysxY_6,9,105
7JsX8y1ysxY_7,12,284
7JsX8y1ysxY_8,53,1352
7JsX8y1ysxY_9,7,77
8OtFthrtaJM_1,12,282
8OtFthrtaJM_10,12,193
8OtFthrtaJM_11,28,632
8OtFthrtaJM_12,34,795
8OtFthrtaJM_13,51,1389
8OtFthrtaJM_14,11,263
8OtFthrtaJM_15,19,474
8OtFthrtaJM_16,11,235
8OtFthrtaJM_17,12,154
8OtFthrtaJM_18,15,258
8OtFthrtaJM_19,19,472
8OtFthrtaJM_2,16,442
8OtFthrtaJM_20,12,374
8OtFthrtaJM_21,11,312
8OtFthrtaJM_22,20,419
8OtFthrtaJM_23,30,867
8OtFthrtaJM_3,21,862
8OtFthrtaJM_4,9,212
8OtFthrtaJM_5,19,374
8OtFthrtaJM_6,22,867
8OtFthrtaJM_7,7,138
8OtFthrtaJM_8,13,419
8OtFthrtaJM_9,23,449
8d-gEyoeBzc_1,14,256
8d-gEyoeBzc_10,23,546
8d-gEyoeBzc_11,12,254
8d-gEyoeBzc_12,10,277
8d-gEyoeBzc_13,9,170
8d-gEyoeBzc_14,7,107
8d-gEyoeBzc_15,14,379
8d-gEyoeBzc_16,13,228
8d-gEyoeBzc_17,13,323
8d-gEyoeBzc_18,18,398
8d-gEyoeBzc_19,11,586
8d-gEyoeBzc_2,31,832
8d-gEyoeBzc_20,19,590
8d-gEyoeBzc_21,48,1844
8d-gEyoeBzc_22,31,888
8d-gEyoeBzc_23,33,737
8d-gEyoeBzc_24,32,1324
8d-gEyoeBzc_25,10,235
8d-gEyoeBzc_26,42,1350
8d-gEyoeBzc_27,17,347
8d-gEyoeBzc_28,22,542
8d-gEyoeBzc_29,16,433
8d-gEyoeBzc_3,39,1385
8d-gEyoeBzc_30,10,145
8d-gEyoeBzc_4,14,409
8d-gEyoeBzc_5,22,560
8d-gEyoeBzc_6,15,374
8d-gEyoeBzc_7,9,224
8d-gEyoeBzc_8,21,474
8d-gEyoeBzc_9,14,500
8qrpnFRGt2A_1,45,1308
8qrpnFRGt2A_10,28,1134
8qrpnFRGt2A_11,20,537
8qrpnFRGt2A_12,18,795
8qrpnFRGt2A_13,7,114
8qrpnFRGt2A_14,15,302
8qrpnFRGt2A_15,46,1633
8qrpnFRGt2A_16,17,377
8qrpnFRGt2A_17,9,140
8qrpnFRGt2A_18,14,423
8qrpnFRGt2A_19,33,1183
8qrpnFRGt2A_2,14,333
8qrpnFRGt2A_20,23,639
8qrpnFRGt2A_21,19,553
8qrpnFRGt2A_22,25,588
8qrpnFRGt2A_23,12,217
8qrpnFRGt2A_24,15,391
8qrpnFRGt2A_25,14,212
8qrpnFRGt2A_26,33,1162
8qrpnFRGt2A_3,15,563
8qrpnFRGt2A_4,19,929
8qrpnFRGt2A_5,13,574
8qrpnFRGt2A_6,15,890
8qrpnFRGt2A_7,10,895
8qrpnFRGt2A_8,21,570
8qrpnFRGt2A_9,14,284
9J25DZhivz8_1,7,235
9J25DZhivz8_10,26,939
9J25DZhivz8_11,18,316
9J25DZhivz8_12,10,233
9J25DZhivz8_13,21,412
9J25DZhivz8_14,10,542
9J25DZhivz8_15,10,91
9J25DZhivz8_16,17,525
9J25DZhivz8_17,17,261
9J25DZhivz8_18,40,1331
9J25DZhivz8_19,20,463
9J25DZhivz8_2,9,284
9J25DZhivz8_20,9,110
9J25DZhivz8_21,8,105
9J25DZhivz8_22,11,316
9J25DZhivz8_23,9,191
9J25DZhivz8_24,10,170
9J25DZhivz8_25,18,525
9J25DZhivz8_3,12,242
9J25DZhivz8_4,7,268
9J25DZhivz8_5,7,131
9J25DZhivz8_6,25,762
9J25DZhivz8_7,28,1043
9J25DZhivz8_8,9,203
9J25DZhivz8_9,10,333
9T9Hf74oK10_1,7,105
9T9Hf74oK10_10,9,172
9T9Hf74oK10_11,28,762
9T9Hf74oK10_12,13,349
9T9Hf74oK10_13,14,504
9T9Hf74oK10_14,20,439
9T9Hf74oK10_15,22,354
9T9Hf74oK10_16,21,453
9T9Hf74oK10_17,18,319
9T9Hf74oK10_18,12,347
9T9Hf74oK10_19,14,261
9T9Hf74oK10_2,29,737
9T9Hf74oK10_20,13,212
9T9Hf74oK10_21,17,590
9T9Hf74oK10_22,12,365
9T9Hf74oK10_23,13,233
9T9Hf74oK10_24,11,196
9T9Hf74oK10_25,12,326
9T9Hf74oK10_3,15,286
9T9Hf74oK10_4,12,277
9T9Hf74oK10_5,13,282
9T9Hf74oK10_6,10,298
9T9Hf74oK10_7,31,922
9T9Hf74oK10_8,32,1164
9T9Hf74oK10_9,24,579
9c67fiY0wGQ_1,15,342
9c67fiY0wGQ_10,14,453
9c67fiY0wGQ_11,9,212
9c67fiY0wGQ_12,17,439
9c67fiY0wGQ_2,14,349
9c67fiY0wGQ_3,26,746
9c67fiY0wGQ_4,15,451
9c67fiY0wGQ_5,10,358
9c67fiY0wGQ_6,22,688
9c67fiY0wGQ_7,15,384
9c67fiY0wGQ_8,12,279
9c67fiY0wGQ_9,9,198
9qR7uwkblbs_1,20,347
9qR7uwkblbs_10,16,349
9qR7uwkblbs_11,34,823
9qR7uwkblbs_12,27,560
9qR7uwkblbs_13,26,460
9qR7uwkblbs_14,11,128
9qR7uwkblbs_15,44,925
9qR7uwkblbs_16,18,481
9qR7uwkblbs_17,14,177
9qR7uwkblbs_18,16,237
9qR7uwkblbs_19,12,142
9qR7uwkblbs_2,11,247
9qR7uwkblbs_20,12,142
9qR7uwkblbs_21,11,126
9qR7uwkblbs_22,16,233
9qR7uwkblbs_23,40,816
9qR7uwkblbs_24,10,117
9qR7uwkblbs_25,15,314
9qR7uwkblbs_26,17,217
9qR7uwkblbs_27,10,182
9qR7uwkblbs_28,19,549
9qR7uwkblbs_29,14,249
9qR7uwkblbs_3,13,184
9qR7uwkblbs_30,29,697
9qR7uwkblbs_31,13,261
9qR7uwkblbs_32,11,159
9qR7uwkblbs_33,6,22
9qR7uwkblbs_4,11,265
9qR7uwkblbs_5,35,716
9qR7uwkblbs_6,15,249
9qR7uwkblbs_7,12,224
9qR7uwkblbs_8,13,149
9qR7uwkblbs_9,17,291
Af8D0E4ZXaw_1,28,662
Af8D0E4ZXaw_10,36,667
Af8D0E4ZXaw_11,21,516
Af8D0E4ZXaw_12,20,293
Af8D0E4ZXaw_13,11,135
Af8D0E4ZXaw_14,7,119
Af8D0E4ZXaw_15,14,291
Af8D0E4ZXaw_16,9,140
Af8D0E4ZXaw_17,18,421
Af8D0E4ZXaw_18,14,221
Af8D0E4ZXaw_19,11,175
Af8D0E4ZXaw_2,31,825
Af8D0E4ZXaw_20,12,335
Af8D0E4ZXaw_21,43,1043
Af8D0E4ZXaw_22,18,270
Af8D0E4ZXaw_23,23,565
Af8D0E4ZXaw_24,24,602
Af8D0E4ZXaw_25,9,224
Af8D0E4ZXaw_26,29,639
Af8D0E4ZXaw_27,19,433
Af8D0E4ZXaw_28,12,154
Af8D0E4ZXaw_29,10,251
Af8D0E4ZXaw_3,20,423
Af8D0E4ZXaw_30,9,154
Af8D0E4ZXaw_31,12,263
Af8D0E4ZXaw_4,29,602
Af8D0E4ZXaw_5,18,514
Af8D0E4ZXaw_6,6,135
Af8D0E4ZXaw_7,15,279
Af8D0E4ZXaw_8,19,328
Af8D0E4ZXaw_9,13,270
BI97DNYfe5I_1,9,244
BI97DNYfe5I_10,24,604
BI97DNYfe5I_11,11,161
BI97DNYfe5I_12,20,449
BI97DNYfe5I_13,8,124
BI97DNYfe5I_14,8,203
BI97DNYfe5I_15,9,140
BI97DNYfe5I_16,11,256
BI97DNYfe5I_17,8,156
BI97DNYfe5I_18,16,270
BI97DNYfe5I_19,20,451
BI97DNYfe5I_2,25,676
BI97DNYfe5I_20,8,38
BI97DNYfe5I_21,7,59
BI97DNYfe5I_22,10,217
BI97DNYfe5I_23,17,437
BI97DNYfe5I_24,10,244
BI97DNYfe5I_25,15,347
BI97DNYfe5I_26,16,426
BI97DNYfe5I_27,10,309
BI97DNYfe5I_28,8,177
BI97DNYfe5I_29,10,152
BI97DNYfe5I_3,17,433
BI97DNYfe5I_30,10,191
BI97DNYfe5I_31,9,226
BI97DNYfe5I_4,11,293
BI97DNYfe5I_5,14,312
BI97DNYfe5I_6,11,256
BI97DNYfe5I_7,29,802
BI97DNYfe5I_8,10,189
BI97DNYfe5I_9,10,172
BXuRRbG0Ugk_1,48,1148
BXuRRbG0Ugk_10,34,1078
BXuRRbG0Ugk_11,18,426
BXuRRbG0Ugk_12,35,839
BXuRRbG0Ugk_13,21,567
BXuRRbG0Ugk_14,26,637
BXuRRbG0Ugk_15,11,286
BXuRRbG0Ugk_16,30,760
BXuRRbG0Ugk_17,12,293
BXuRRbG0Ugk_18,17,491
BXuRRbG0Ugk_19,22,567
BXuRRbG0Ugk_2,8,198
BXuRRbG0Ugk_20,16,439
BXuRRbG0Ugk_21,20,688
BXuRRbG0Ugk_22,26,686
BXuRRbG0Ugk_23,25,602
BXuRRbG0Ugk_24,11,289
BXuRRbG0Ugk_25,21,419
BXuRRbG0Ugk_26,25,681
BXuRRbG0Ugk_27,13,435
BXuRRbG0Ugk_28,23,546
BXuRRbG0Ugk_29,17,456
BXuRRbG0Ugk_3,11,172
BXuRRbG0Ugk_30,11,474
BXuRRbG0Ugk_31,21,707
BXuRRbG0Ugk_4,14,296
BXuRRbG0Ugk_5,12,333
BXuRRbG0Ugk_6,19,291
BXuRRbG0Ugk_7,23,644
BXuRRbG0Ugk_8,17,398
BXuRRbG0Ugk_9,18,713
Bfr499ggo-0_1,10,377
Bfr499ggo-0_10,10,205
Bfr499ggo-0_11,10,205
Bfr499ggo-0_12,13,258
Bfr499ggo-0_13,10,233
Bfr499ggo-0_14,20,511
Bfr499ggo-0_15,7,135
Bfr499ggo-0_16,21,669
Bfr499ggo-0_17,15,502
Bfr499ggo-0_18,11,265
Bfr499ggo-0_19,8,233
Bfr499ggo-0_2,8,142
Bfr499ggo-0_20,12,254
Bfr499ggo-0_21,9,149
Bfr499ggo-0_22,16,439
Bfr499ggo-0_3,26,809
Bfr499ggo-0_4,12,230
Bfr499ggo-0_5,21,980
Bfr499ggo-0_6,12,205
Bfr499ggo-0_7,15,249
Bfr499ggo-0_8,18,525
Bfr499ggo-0_9,12,296
BioHAh1qJAQ_1,12,289
BioHAh1qJAQ_10,9,170
BioHAh1qJAQ_11,13,321
BioHAh1qJAQ_12,16,388
BioHAh1qJAQ_13,18,567
BioHAh1qJAQ_14,8,221
BioHAh1qJAQ_15,13,307
BioHAh1qJAQ_16,18,377
BioHAh1qJAQ_17,12,300
BioHAh1qJAQ_18,15,430
BioHAh1qJAQ_19,40,1020
BioHAh1qJAQ_2,17,446
BioHAh1qJAQ_20,25,876
BioHAh1qJAQ_21,11,254
BioHAh1qJAQ_22,12,286
BioHAh1qJAQ_23,16,363
BioHAh1qJAQ_24,15,672
BioHAh1qJAQ_25,9,119
BioHAh1qJAQ_26,31,1004
BioHAh1qJAQ_27,38,1087
BioHAh1qJAQ_28,23,609
BioHAh1qJAQ_29,10,226
BioHAh1qJAQ_3,23,630
BioHAh1qJAQ_30,46,1266
BioHAh1qJAQ_4,13,511
BioHAh1qJAQ_5,20,472
BioHAh1qJAQ_6,16,511
BioHAh1qJAQ_7,20,537
BioHAh1qJAQ_8,13,279
BioHAh1qJAQ_9,11,233
BvYR0L6f2Ig_1,14,203
BvYR0L6f2Ig_10,14,340
BvYR0L6f2Ig_11,9,128
BvYR0L6f2Ig_12,27,472
BvYR0L6f2Ig_13,12,200
BvYR0L6f2Ig_14,18,291
BvYR0L6f2Ig_15,16,328
BvYR0L6f2Ig_16,18,493
BvYR0L6f2Ig_17,19,391
BvYR0L6f2Ig_18,9,42
BvYR0L6f2Ig_19,12,191
BvYR0L6f2Ig_2,21,665
BvYR0L6f2Ig_20,19,305
BvYR0L6f2Ig_21,15,251
BvYR0L6f2Ig_22,8,56
BvYR0L6f2Ig_23,25,597
BvYR0L6f2Ig_24,13,312
BvYR0L6f2Ig_25,9,182
BvYR0L6f2Ig_26,23,326
BvYR0L6f2Ig_3,17,358
BvYR0L6f2Ig_4,13,230
BvYR0L6f2Ig_5,13,272
BvYR0L6f2Ig_6,20,576
BvYR0L6f2Ig_7,27,823
BvYR0L6f2Ig_8,7,147
BvYR0L6f2Ig_9,19,421
Ci-AH39fi3Y_1,9,114
Ci-AH39fi3Y_10,8,98
Ci-AH39fi3Y_11,16,314
Ci-AH39fi3Y_12,18,321
Ci-AH39fi3Y_13,14,296
Ci-AH39fi3Y_14,9,177
Ci-AH39fi3Y_15,16,393
Ci-AH39fi3Y_16,18,342
Ci-AH39fi3Y_17,19,323
Ci-AH39fi3Y_18,12,210
Ci-AH39fi3Y_19,10,186
Ci-AH39fi3Y_2,18,465
Ci-AH39fi3Y_20,17,567
Ci-AH39fi3Y_21,14,309
Ci-AH39fi3Y_22,10,224
Ci-AH39fi3Y_23,11,138
Ci-AH39fi3Y_24,11,384
Ci-AH39fi3Y_25,18,421
Ci-AH39fi3Y_26,15,379
Ci-AH39fi3Y_27,12,210
Ci-AH39fi3Y_28,14,298
Ci-AH39fi3Y_29,19,261
Ci-AH39fi3Y_3,10,165
Ci-AH39fi3Y_30,29,621
Ci-AH39fi3Y_31,7,138
Ci-AH39fi3Y_32,8,114
Ci-AH39fi3Y_33,19,296
Ci-AH39fi3Y_34,17,291
Ci-AH39fi3Y_35,13,205
Ci-AH39fi3Y_36,29,467
Ci-AH39fi3Y_37,21,407
Ci-AH39fi3Y_38,15,275
Ci-AH39fi3Y_39,10,214
Ci-AH39fi3Y_4,12,251
Ci-AH39fi3Y_40,16,235
Ci-AH39fi3Y_41,12,138
Ci-AH39fi3Y_42,22,474
Ci-AH39fi3Y_43,14,205
Ci-AH39fi3Y_44,11,210
Ci-AH39fi3Y_5,9,105
Ci-AH39fi3Y_6,18,358
Ci-AH39fi3Y_7,12,182
Ci-AH39fi3Y_8,11,242
Ci-AH39fi3Y_9,16,256
Clx4VXItLTE_1,20,667
Clx4VXItLTE_10,33,983
Clx4VXItLTE_11,22,776
Clx4VXItLTE_12,17,458
Clx4VXItLTE_13,25,488
Clx4VXItLTE_14,7,407
Clx4VXItLTE_15,9,251
Clx4VXItLTE_16,29,674
Clx4VXItLTE_17,16,398
Clx4VXItLTE_18,11,279
Clx4VXItLTE_19,10,154
Clx4VXItLTE_2,12,319
Clx4VXItLTE_20,15,291
Clx4VXItLTE_21,12,265
Clx4VXItLTE_22,11,249
Clx4VXItLTE_23,15,560
Clx4VXItLTE_24,16,537
Clx4VXItLTE_25,13,270
Clx4VXItLTE_26,10,149
Clx4VXItLTE_27,8,198
Clx4VXItLTE_28,19,509
Clx4VXItLTE_29,21,630
Clx4VXItLTE_3,9,131
Clx4VXItLTE_30,25,772
Clx4VXItLTE_31,24,372
Clx4VXItLTE_4,10,265
Clx4VXItLTE_5,12,270
Clx4VXItLTE_6,17,472
Clx4VXItLTE_7,12,400
Clx4VXItLTE_8,10,746
Clx4VXItLTE_9,18,460
Dg_0XKD0Mf4_1,10,168
Dg_0XKD0Mf4_10,13,330
Dg_0XKD0Mf4_11,8,198
Dg_0XKD0Mf4_12,25,688
Dg_0XKD0Mf4_13,10,207
Dg_0XKD0Mf4_14,9,159
Dg_0XKD0Mf4_15,14,340
Dg_0XKD0Mf4_16,11,203
Dg_0XKD0Mf4_17,15,495
Dg_0XKD0Mf4_18,8,133
Dg_0XKD0Mf4_2,9,305
Dg_0XKD0Mf4_3,8,161
Dg_0XKD0Mf4_4,8,135
Dg_0XKD0Mf4_5,12,244
Dg_0XKD0Mf4_6,17,530
Dg_0XKD0Mf4_7,14,279
Dg_0XKD0Mf4_8,9,126
Dg_0XKD0Mf4_9,20,430
G-xst2euQUc_1,10,124
G-xst2euQUc_10,23,507
G-xst2euQUc_11,12,456
G-xst2euQUc_12,18,377
G-xst2euQUc_13,20,340
G-xst2euQUc_14,15,277
G-xst2euQUc_15,24,583
G-xst2euQUc_16,20,365
G-xst2euQUc_17,25,504
G-xst2euQUc_18,16,367
G-xst2euQUc_19,9,298
G-xst2euQUc_2,12,152
G-xst2euQUc_20,11,302
G-xst2euQUc_21,9,135
G-xst2euQUc_3,10,168
G-xst2euQUc_4,37,957
G-xst2euQUc_5,11,289
G-xst2euQUc_6,9,226
G-xst2euQUc_7,18,507
G-xst2euQUc_8,8,179
G-xst2euQUc_9,12,284
G6GlGvlkxAQ_1,31,604
G6GlGvlkxAQ_10,7,152
G6GlGvlkxAQ_11,13,316
G6GlGvlkxAQ_12,14,254
G6GlGvlkxAQ_13,24,398
G6GlGvlkxAQ_14,19,391
G6GlGvlkxAQ_15,10,282
G6GlGvlkxAQ_16,28,565
G6GlGvlkxAQ_17,12,207
G6GlGvlkxAQ_18,10,170
G6GlGvlkxAQ_19,11,200
G6GlGvlkxAQ_2,13,228
G6GlGvlkxAQ_20,9,142
G6GlGvlkxAQ_21,13,156
G6GlGvlkxAQ_22,18,391
G6GlGvlkxAQ_23,19,400
G6GlGvlkxAQ_24,34,690
G6GlGvlkxAQ_25,10,128
G6GlGvlkxAQ_26,11,205
G6GlGvlkxAQ_27,13,193
G6GlGvlkxAQ_28,8,258
G6GlGvlkxAQ_29,34,857
G6GlGvlkxAQ_3,10,128
G6GlGvlkxAQ_4,13,142
G6GlGvlkxAQ_5,19,319
G6GlGvlkxAQ_6,15,254
G6GlGvlkxAQ_7,9,126
G6GlGvlkxAQ_8,7,114
G6GlGvlkxAQ_9,24,409
GWuJjcEuzt8_1,22,572
GWuJjcEuzt8_10,8,312
GWuJjcEuzt8_11,10,249
GWuJjcEuzt8_12,11,261
GWuJjcEuzt8_13,12,384
GWuJjcEuzt8_14,22,802
GWuJjcEuzt8_15,19,915
GWuJjcEuzt8_16,25,504
GWuJjcEuzt8_17,14,433
GWuJjcEuzt8_18,12,639
GWuJjcEuzt8_2,17,488
GWuJjcEuzt8_3,16,400
GWuJjcEuzt8_4,31,939
GWuJjcEuzt8_5,11,298
GWuJjcEuzt8_6,10,421
GWuJjcEuzt8_7,21,363
GWuJjcEuzt8_8,13,242
GWuJjcEuzt8_9,9,312
HEsqda8_d0Q_1,6,172
HEsqda8_d0Q_10,13,365
HEsqda8_d0Q_11,7,170
HEsqda8_d0Q_12,9,110
HEsqda8_d0Q_13,13,191
HEsqda8_d0Q_14,10,175
HEsqda8_d0Q_15,15,268
HEsqda8_d0Q_16,8,112
HEsqda8_d0Q_17,10,145
HEsqda8_d0Q_18,23,662
HEsqda8_d0Q_19,12,354
HEsqda8_d0Q_2,9,168
HEsqda8_d0Q_20,12,230
HEsqda8_d0Q_21,12,268
HEsqda8_d0Q_22,20,351
HEsqda8_d0Q_23,13,230
HEsqda8_d0Q_24,13,237
HEsqda8_d0Q_25,13,340
HEsqda8_d0Q_26,14,217
HEsqda8_d0Q_27,11,98
HEsqda8_d0Q_28,8,133
HEsqda8_d0Q_29,10,145
HEsqda8_d0Q_3,11,237
HEsqda8_d0Q_30,11,191
HEsqda8_d0Q_31,39,1025
HEsqda8_d0Q_32,15,224
HEsqda8_d0Q_33,12,156
HEsqda8_d0Q_34,10,312
HEsqda8_d0Q_4,9,128
HEsqda8_d0Q_5,20,442
HEsqda8_d0Q_6,11,149
HEsqda8_d0Q_7,11,212
HEsqda8_d0Q_8,26,637
HEsqda8_d0Q_9,11,221
I5y0__X72p0_1,13,437
I5y0__X72p0_10,10,156
I5y0__X72p0_11,14,312
I5y0__X72p0_12,21,665
I5y0__X72p0_13,17,588
I5y0__X72p0_14,19,660
I5y0__X72p0_15,6,56
I5y0__X72p0_16,7,107
I5y0__X72p0_17,16,323
I5y0__X72p0_18,7,98
I5y0__X72p0_19,21,500
I5y0__X72p0_2,22,511
I5y0__X72p0_20,14,300
I5y0__X72p0_21,16,391
I5y0__X72p0_22,29,611
I5y0__X72p0_23,11,200
I5y0__X72p0_24,11,214
I5y0__X72p0_25,9,149
I5y0__X72p0_26,15,419
I5y0__X72p0_27,12,247
I5y0__X72p0_28,13,217
I5y0__X72p0_29,21,653
I5y0__X72p0_3,32,1032
I5y0__X72p0_30,10,165
I5y0__X72p0_31,6,66
I5y0__X72p0_32,7,75
I5y0__X72p0_33,7,179
I5y0__X72p0_34,8,128
I5y0__X72p0_35,9,219
I5y0__X72p0_36,13,184
I5y0__X72p0_37,11,212
I5y0__X72p0_38,12,205
I5y0__X72p0_39,6,138
I5y0__X72p0_4,17,625
I5y0__X72p0_5,8,103
I5y0__X72p0_6,22,395
I5y0__X72p0_7,15,296
I5y0__X72p0_8,14,358
I5y0__X72p0_9,6,112
Iu2PFX3z_1s_1,12,365
Iu2PFX3z_1s_10,14,226
Iu2PFX3z_1s_11,18,409
Iu2PFX3z_1s_12,5,112
Iu2PFX3z_1s_13,7,128
Iu2PFX3z_1s_14,12,272
Iu2PFX3z_1s_15,23,616
Iu2PFX3z_1s_16,15,312
Iu2PFX3z_1s_2,23,507
Iu2PFX3z_1s_3,26,523
Iu2PFX3z_1s_4,13,423
Iu2PFX3z_1s_5,27,581
Iu2PFX3z_1s_6,9,145
Iu2PFX3z_1s_7,9,226
Iu2PFX3z_1s_8,17,453
Iu2PFX3z_1s_9,9,131
IumbAb8q2dM_1,11,198
IumbAb8q2dM_10,19,802
IumbAb8q2dM_11,20,607
IumbAb8q2dM_12,18,439
IumbAb8q2dM_13,14,323
IumbAb8q2dM_14,18,602
IumbAb8q2dM_15,9,198
IumbAb8q2dM_16,15,330
IumbAb8q2dM_17,6,149
IumbAb8q2dM_18,17,586
IumbAb8q2dM_19,6,275
IumbAb8q2dM_2,7,131
IumbAb8q2dM_20,9,149
IumbAb8q2dM_21,10,347
IumbAb8q2dM_22,14,446
IumbAb8q2dM_3,18,307
IumbAb8q2dM_4,14,367
IumbAb8q2dM_5,8,156
IumbAb8q2dM_6,8,226
IumbAb8q2dM_7,17,628
IumbAb8q2dM_8,11,237
IumbAb8q2dM_9,13,226
Jkswaaud0hk_1,20,460
Jkswaaud0hk_10,14,330
Jkswaaud0hk_11,12,349
Jkswaaud0hk_12,16,351
Jkswaaud0hk_13,14,282
Jkswaaud0hk_14,7,156
Jkswaaud0hk_15,14,244
Jkswaaud0hk_16,10,170
Jkswaaud0hk_17,18,426
Jkswaaud0hk_18,12,275
Jkswaaud0hk_19,9,128
Jkswaaud0hk_2,11,98
Jkswaaud0hk_20,7,84
Jkswaaud0hk_3,9,224
Jkswaaud0hk_4,12,177
Jkswaaud0hk_5,10,224
Jkswaaud0hk_6,18,437
Jkswaaud0hk_7,24,337
Jkswaaud0hk_8,8,177
Jkswaaud0hk_9,8,147
LSi-o-IrDMs_1,9,200
LSi-o-IrDMs_10,10,293
LSi-o-IrDMs_11,15,212
LSi-o-IrDMs_12,7,128
LSi-o-IrDMs_13,8,124
LSi-o-IrDMs_14,21,488
LSi-o-IrDMs_15,8,121
LSi-o-IrDMs_16,18,284
LSi-o-IrDMs_17,9,309
LSi-o-IrDMs_18,10,240
LSi-o-IrDMs_19,9,200
LSi-o-IrDMs_2,16,367
LSi-o-IrDMs_20,56,1227
LSi-o-IrDMs_21,12,335
LSi-o-IrDMs_22,28,516
LSi-o-IrDMs_23,13,193
LSi-o-IrDMs_24,7,63
LSi-o-IrDMs_25,13,182
LSi-o-IrDMs_26,16,291
LSi-o-IrDMs_27,14,247
LSi-o-IrDMs_28,13,228
LSi-o-IrDMs_29,54,1148
LSi-o-IrDMs_3,20,309
LSi-o-IrDMs_4,16,275
LSi-o-IrDMs_5,16,235
LSi-o-IrDMs_6,9,196
LSi-o-IrDMs_7,8,193
LSi-o-IrDMs_8,9,82
LSi-o-IrDMs_9,17,398
MLal-t_vJPM_1,17,354
MLal-t_vJPM_10,9,142
MLal-t_vJPM_11,42,1663
MLal-t_vJPM_12,20,590
MLal-t_vJPM_13,9,140
MLal-t_vJPM_14,11,217
MLal-t_vJPM_15,40,1090
MLal-t_vJPM_16,11,451
MLal-t_vJPM_17,19,672
MLal-t_vJPM_18,28,282
MLal-t_vJPM_2,14,230
MLal-t_vJPM_3,8,105
MLal-t_vJPM_4,16,354
MLal-t_vJPM_5,11,372
MLal-t_vJPM_6,9,263
MLal-t_vJPM_7,10,163
MLal-t_vJPM_8,7,203
MLal-t_vJPM_9,8,333
Njd1F0vZSm4_1,11,377
Njd1F0vZSm4_10,18,370
Njd1F0vZSm4_11,14,565
Njd1F0vZSm4_12,10,395
Njd1F0vZSm4_13,10,428
Njd1F0vZSm4_2,12,493
Njd1F0vZSm4_3,9,235
Njd1F0vZSm4_4,10,337
Njd1F0vZSm4_5,8,96
Njd1F0vZSm4_6,12,319
Njd1F0vZSm4_7,9,210
Njd1F0vZSm4_8,15,349
Njd1F0vZSm4_9,31,920
Nzq88NnDkEk_1,29,834
Nzq88NnDkEk_10,19,500
Nzq88NnDkEk_11,13,296
Nzq88NnDkEk_12,12,319
Nzq88NnDkEk_13,13,296
Nzq88NnDkEk_14,26,502
Nzq88NnDkEk_15,25,730
Nzq88NnDkEk_16,14,472
Nzq88NnDkEk_17,28,683
Nzq88NnDkEk_18,23,504
Nzq88NnDkEk_19,28,790
Nzq88NnDkEk_2,18,502
Nzq88NnDkEk_20,17,391
Nzq88NnDkEk_21,25,528
Nzq88NnDkEk_22,15,426
Nzq88NnDkEk_23,11,212
Nzq88NnDkEk_24,24,549
Nzq88NnDkEk_25,18,402
Nzq88NnDkEk_26,32,929
Nzq88NnDkEk_27,7,156
Nzq88NnDkEk_28,14,233
Nzq88NnDkEk_29,14,358
Nzq88NnDkEk_3,11,261
Nzq88NnDkEk_30,26,618
Nzq88NnDkEk_31,13,200
Nzq88NnDkEk_32,12,335
Nzq88NnDkEk_4,22,300
Nzq88NnDkEk_5,9,135
Nzq88NnDkEk_6,17,465
Nzq88NnDkEk_7,26,437
Nzq88NnDkEk_8,21,351
Nzq88NnDkEk_9,21,567
OQvJTdtJ2H4_1,8,66
OQvJTdtJ2H4_10,13,272
OQvJTdtJ2H4_11,11,258
OQvJTdtJ2H4_12,9,258
OQvJTdtJ2H4_13,9,168
OQvJTdtJ2H4_14,29,762
OQvJTdtJ2H4_15,18,463
OQvJTdtJ2H4_16,18,667
OQvJTdtJ2H4_2,11,179
OQvJTdtJ2H4_3,18,446
OQvJTdtJ2H4_4,10,672
OQvJTdtJ2H4_5,9,149
OQvJTdtJ2H4_6,17,323
OQvJTdtJ2H4_7,25,746
OQvJTdtJ2H4_8,14,398
OQvJTdtJ2H4_9,18,665
OtBXNcAL_lE_1,13,532
OtBXNcAL_lE_10,11,233
OtBXNcAL_lE_11,17,386
OtBXNcAL_lE_12,10,377
OtBXNcAL_lE_13,11,395
OtBXNcAL_lE_14,6,198
OtBXNcAL_lE_15,11,198
OtBXNcAL_lE_16,23,377
OtBXNcAL_lE_17,16,374
OtBXNcAL_lE_18,7,56
OtBXNcAL_lE_19,17,481
OtBXNcAL_lE_2,11,405
OtBXNcAL_lE_20,10,340
OtBXNcAL_lE_21,15,367
OtBXNcAL_lE_22,11,212
OtBXNcAL_lE_23,8,384
OtBXNcAL_lE_24,11,221
OtBXNcAL_lE_3,13,377
OtBXNcAL_lE_4,13,388
OtBXNcAL_lE_5,24,667
OtBXNcAL_lE_6,11,233
OtBXNcAL_lE_7,11,237
OtBXNcAL_lE_8,12,163
OtBXNcAL_lE_9,12,107
Oz06ZWiO20M_1,30,783
Oz06ZWiO20M_10,19,681
Oz06ZWiO20M_11,74,2081
Oz06ZWiO20M_12,20,453
Oz06ZWiO20M_13,13,298
Oz06ZWiO20M_14,23,549
Oz06ZWiO20M_15,25,806
Oz06ZWiO20M_16,24,751
Oz06ZWiO20M_17,20,365
Oz06ZWiO20M_18,8,107
Oz06ZWiO20M_19,35,936
Oz06ZWiO20M_2,15,330
Oz06ZWiO20M_20,25,579
Oz06ZWiO20M_21,12,214
Oz06ZWiO20M_22,18,393
Oz06ZWiO20M_23,13,191
Oz06ZWiO20M_24,21,474
Oz06ZWiO20M_25,33,885
Oz06ZWiO20M_3,19,342
Oz06ZWiO20M_4,12,374
Oz06ZWiO20M_5,29,700
Oz06ZWiO20M_6,21,744
Oz06ZWiO20M_7,7,142
Oz06ZWiO20M_8,18,426
Oz06ZWiO20M_9,16,240
POKffnXeBds_1,10,214
POKffnXeBds_10,39,895
POKffnXeBds_11,13,184
POKffnXeBds_12,9,172
POKffnXeBds_13,10,172
POKffnXeBds_2,32,702
POKffnXeBds_3,22,472
POKffnXeBds_4,10,233
POKffnXeBds_5,13,177
POKffnXeBds_6,12,251
POKffnXeBds_7,16,356
POKffnXeBds_8,19,405
POKffnXeBds_9,13,316
PZ-lDQFboO8_1,12,224
PZ-lDQFboO8_10,9,126
PZ-lDQFboO8_11,6,131
PZ-lDQFboO8_12,30,669
PZ-lDQFboO8_2,12,272
PZ-lDQFboO8_3,26,604
PZ-lDQFboO8_4,22,583
PZ-lDQFboO8_5,33,818
PZ-lDQFboO8_6,17,428
PZ-lDQFboO8_7,23,504
PZ-lDQFboO8_8,34,776
PZ-lDQFboO8_9,28,651
QN9ZIUWUXsY_1,32,1020
QN9ZIUWUXsY_10,19,307
QN9ZIUWUXsY_11,13,409
QN9ZIUWUXsY_12,20,532
QN9ZIUWUXsY_13,22,693
QN9ZIUWUXsY_14,24,734
QN9ZIUWUXsY_15,31,860
QN9ZIUWUXsY_16,32,816
QN9ZIUWUXsY_17,11,175
QN9ZIUWUXsY_18,10,265
QN9ZIUWUXsY_2,13,182
QN9ZIUWUXsY_3,12,172
QN9ZIUWUXsY_4,16,442
QN9ZIUWUXsY_5,13,356
QN9ZIUWUXsY_6,19,377
QN9ZIUWUXsY_7,21,616
QN9ZIUWUXsY_8,8,244
QN9ZIUWUXsY_9,8,184
Qr1Ca94K55A_1,16,504
Qr1Ca94K55A_10,27,741
Qr1Ca94K55A_11,9,168
Qr1Ca94K55A_12,23,574
Qr1Ca94K55A_13,19,588
Qr1Ca94K55A_14,37,1108
Qr1Ca94K55A_2,8,114
Qr1Ca94K55A_3,10,140
Qr1Ca94K55A_4,26,644
Qr1Ca94K55A_5,14,254
Qr1Ca94K55A_6,24,581
Qr1Ca94K55A_7,19,597
Qr1Ca94K55A_8,18,470
Qr1Ca94K55A_9,8,145
Sqr0AcuoNnk_1,12,337
Sqr0AcuoNnk_10,12,495
Sqr0AcuoNnk_11,14,430
Sqr0AcuoNnk_12,12,242
Sqr0AcuoNnk_13,57,1638
Sqr0AcuoNnk_14,15,398
Sqr0AcuoNnk_15,23,472
Sqr0AcuoNnk_16,14,263
Sqr0AcuoNnk_17,22,588
Sqr0AcuoNnk_18,9,131
Sqr0AcuoNnk_19,6,114
Sqr0AcuoNnk_2,15,446
Sqr0AcuoNnk_20,23,363
Sqr0AcuoNnk_21,23,902
Sqr0AcuoNnk_22,9,314
Sqr0AcuoNnk_3,13,289
Sqr0AcuoNnk_4,31,776
Sqr0AcuoNnk_5,11,198
Sqr0AcuoNnk_6,33,897
Sqr0AcuoNnk_7,16,563
Sqr0AcuoNnk_8,11,284
Sqr0AcuoNnk_9,10,142
TvyZBvOMOTc_1,13,212
TvyZBvOMOTc_10,32,590
TvyZBvOMOTc_11,20,272
TvyZBvOMOTc_12,20,365
TvyZBvOMOTc_13,14,219
TvyZBvOMOTc_14,22,567
TvyZBvOMOTc_15,29,600
TvyZBvOMOTc_2,8,126
TvyZBvOMOTc_3,19,481
TvyZBvOMOTc_4,23,544
TvyZBvOMOTc_5,8,154
TvyZBvOMOTc_6,15,268
TvyZBvOMOTc_7,9,98
TvyZBvOMOTc_8,14,258
TvyZBvOMOTc_9,26,639
VCslbP0mgZI_1,5,52
VCslbP0mgZI_10,14,228
VCslbP0mgZI_11,69,1919
VCslbP0mgZI_12,58,2186
VCslbP0mgZI_13,20,407
VCslbP0mgZI_14,31,897
VCslbP0mgZI_15,28,760
VCslbP0mgZI_16,11,219
VCslbP0mgZI_17,18,212
VCslbP0mgZI_2,19,539
VCslbP0mgZI_3,17,361
VCslbP0mgZI_4,37,1083
VCslbP0mgZI_5,28,855
VCslbP0mgZI_6,12,221
VCslbP0mgZI_7,42,1183
VCslbP0mgZI_8,126,3860
VCslbP0mgZI_9,28,853
VbQk4H8hgr0_1,17,272
VbQk4H8hgr0_10,8,165
VbQk4H8hgr0_11,7,96
VbQk4H8hgr0_12,6,138
VbQk4H8hgr0_13,10,186
VbQk4H8hgr0_14,13,198
VbQk4H8hgr0_15,10,149
VbQk4H8hgr0_16,13,277
VbQk4H8hgr0_17,26,609
VbQk4H8hgr0_18,10,226
VbQk4H8hgr0_19,12,249
VbQk4H8hgr0_2,14,344
VbQk4H8hgr0_20,29,709
VbQk4H8hgr0_21,7,170
VbQk4H8hgr0_22,15,330
VbQk4H8hgr0_23,14,161
VbQk4H8hgr0_24,11,249
VbQk4H8hgr0_25,11,328
VbQk4H8hgr0_26,41,857
VbQk4H8hgr0_27,11,189
VbQk4H8hgr0_28,8,244
VbQk4H8hgr0_29,16,219
VbQk4H8hgr0_3,16,272
VbQk4H8hgr0_30,19,300
VbQk4H8hgr0_31,15,265
VbQk4H8hgr0_32,9,138
VbQk4H8hgr0_33,16,426
VbQk4H8hgr0_34,25,437
VbQk4H8hgr0_35,20,563
VbQk4H8hgr0_36,18,409
VbQk4H8hgr0_37,12,312
VbQk4H8hgr0_38,11,212
VbQk4H8hgr0_39,15,347
VbQk4H8hgr0_4,14,254
VbQk4H8hgr0_40,22,479
VbQk4H8hgr0_41,16,326
VbQk4H8hgr0_42,11,159
VbQk4H8hgr0_43,18,307
VbQk4H8hgr0_44,6,138
VbQk4H8hgr0_45,11,263
VbQk4H8hgr0_46,11,163
VbQk4H8hgr0_47,11,247
VbQk4H8hgr0_48,17,372
VbQk4H8hgr0_49,11,367
VbQk4H8hgr0_5,9,133
VbQk4H8hgr0_50,9,110
VbQk4H8hgr0_51,14,177
VbQk4H8hgr0_52,14,333
VbQk4H8hgr0_53,6,156
VbQk4H8hgr0_54,16,270
VbQk4H8hgr0_55,10,207
VbQk4H8hgr0_6,20,446
VbQk4H8hgr0_7,10,270
VbQk4H8hgr0_8,10,84
VbQk4H8hgr0_9,16,314
Vj1wYRQjB-o_1,13,488
Vj1wYRQjB-o_2,24,481
Vj1wYRQjB-o_3,8,198
Vj1wYRQjB-o_4,11,172
Vj1wYRQjB-o_5,10,142
Vj1wYRQjB-o_6,13,405
Vj1wYRQjB-o_7,12,279
Vj1wYRQjB-o_8,11,165
Vj1wYRQjB-o_9,12,210
W8NXH0Djyww_1,9,326
W8NXH0Djyww_10,10,154
W8NXH0Djyww_11,26,707
W8NXH0Djyww_12,11,293
W8NXH0Djyww_13,15,351
W8NXH0Djyww_14,9,224
W8NXH0Djyww_15,12,254
W8NXH0Djyww_16,25,667
W8NXH0Djyww_17,11,391
W8NXH0Djyww_18,34,950
W8NXH0Djyww_19,16,298
W8NXH0Djyww_2,7,56
W8NXH0Djyww_20,10,172
W8NXH0Djyww_21,8,124
W8NXH0Djyww_22,12,488
W8NXH0Djyww_23,8,140
W8NXH0Djyww_24,13,570
W8NXH0Djyww_25,18,491
W8NXH0Djyww_26,11,263
W8NXH0Djyww_27,14,305
W8NXH0Djyww_28,12,272
W8NXH0Djyww_29,30,744
W8NXH0Djyww_3,17,219
W8NXH0Djyww_30,8,142
W8NXH0Djyww_31,10,261
W8NXH0Djyww_32,17,412
W8NXH0Djyww_4,13,217
W8NXH0Djyww_5,13,326
W8NXH0Djyww_6,11,135
W8NXH0Djyww_7,8,114
W8NXH0Djyww_8,19,602
W8NXH0Djyww_9,11,268
